true_label,predicted_label,confidence,correct,prob_Healthy,prob_Generalized Seizures,prob_Focal Seizures,prob_Seizure Events
3,3,0.51853204,True,2.41659e-06,0.17048074,0.31098485,0.51853204
2,2,0.53455126,True,1.5324491e-06,0.0032273924,0.53455126,0.46221977
1,1,0.7477854,True,1.1624527e-06,0.7477854,0.122648485,0.12956493
1,1,0.99684685,True,4.4519624e-07,0.99684685,4.974838e-05,0.003103031
0,3,0.97620404,False,0.02043985,0.0031800729,0.00017606073,0.97620404
1,1,0.7596234,True,6.5631575e-08,0.7596234,0.014502803,0.22587372
1,1,1.0,True,1.1295716e-21,1.0,1.6774507e-18,1.0402232e-17
3,3,0.8857411,True,2.920765e-06,0.09829604,0.015959943,0.8857411
2,2,0.87150186,True,6.1073797e-07,0.016780863,0.87150186,0.111716665
2,2,0.75627995,True,6.7497763e-06,0.029274043,0.75627995,0.21443927
0,0,1.0,True,1.0,0.0,0.0,0.0
3,3,0.56258005,True,1.7335343e-06,0.024574174,0.41284406,0.56258005
0,0,1.0,True,1.0,7.344319e-30,7.2794646e-31,8.220351e-23
0,0,1.0,True,1.0,0.0,0.0,0.0
2,2,0.96091056,True,1.4065055e-06,0.013144891,0.96091056,0.025943113
2,2,0.6709094,True,1.2304744e-05,0.06725163,0.6709094,0.2618266
1,3,0.40090743,False,2.0177622e-07,0.29098526,0.30810705,0.40090743
2,2,0.54242253,True,4.3777804e-06,0.032670736,0.54242253,0.42490235
2,3,0.5005181,False,1.1559335e-06,0.13750957,0.3619712,0.5005181
2,2,0.9797609,True,3.4306236e-08,0.0016330149,0.9797609,0.01860611
1,1,0.52824354,True,1.6622164e-06,0.52824354,0.21506128,0.25669354
3,3,0.6007922,True,6.9116895e-06,0.16732036,0.23188055,0.6007922
1,1,0.8110768,True,0.0002838442,0.8110768,0.0009998541,0.18763945
1,1,0.641684,True,3.0972535e-07,0.641684,0.21677096,0.14154471
2,2,0.56995296,True,1.2115368e-06,0.09189567,0.56995296,0.33815017
0,0,1.0,True,1.0,0.0,0.0,0.0
2,3,0.5238287,False,1.1367657e-05,0.068211146,0.40794885,0.5238287
3,3,0.98041105,True,6.184831e-05,8.983262e-05,0.019437207,0.98041105
2,2,0.7943371,True,3.4717305e-05,0.036324274,0.7943371,0.16930394
0,0,1.0,True,1.0,2.894421e-17,1.0052612e-18,2.7094798e-13
0,0,1.0,True,1.0,0.0,0.0,0.0
0,0,1.0,True,1.0,0.0,0.0,0.0
2,2,0.7686674,True,5.92485e-06,0.020092027,0.7686674,0.21123461
1,1,1.0,True,8.70113e-21,1.0,3.5651011e-19,2.9848723e-12
0,0,1.0,True,1.0,0.0,0.0,0.0
3,3,0.98093927,True,4.384814e-05,0.0032601338,0.01575683,0.98093927
0,0,1.0,True,1.0,0.0,0.0,0.0
0,0,1.0,True,1.0,1.5757174e-25,3.276173e-30,8.326058e-27
1,1,0.9999999,True,1.4577372e-13,0.9999999,1.7222845e-11,1.1666616e-07
0,0,1.0,True,1.0,0.0,0.0,0.0
2,2,0.64403653,True,2.5367663e-05,0.04121016,0.64403653,0.31472796
0,0,1.0,True,1.0,0.0,0.0,0.0
1,1,0.9969537,True,2.0108604e-09,0.9969537,1.4927865e-05,0.0030312634
0,0,1.0,True,1.0,0.0,0.0,0.0
1,1,0.4001183,True,8.799794e-07,0.4001183,0.3191302,0.28075063
1,1,0.9886783,True,3.4768976e-07,0.9886783,0.004006102,0.0073152916
1,1,0.95425093,True,4.155577e-06,0.95425093,0.029433355,0.016311567
2,2,0.6185581,True,1.8592194e-06,0.024675578,0.6185581,0.35676444
2,2,0.6210678,True,2.1518363e-06,0.070051804,0.6210678,0.3088782
3,1,0.42063996,False,4.0726277e-06,0.42063996,0.32790136,0.25145468
0,0,1.0,True,1.0,0.0,0.0,0.0
1,2,0.42971793,False,1.876561e-05,0.1549198,0.42971793,0.41534352
3,2,0.55005187,False,1.5535534e-05,0.03951145,0.55005187,0.41042113
1,1,0.98040044,True,2.0810448e-08,0.98040044,0.013412516,0.00618703
2,2,0.93533844,True,8.732924e-07,0.043012742,0.93533844,0.021647884
1,1,0.92581856,True,2.6875524e-08,0.92581856,0.0033335981,0.07084778
3,3,0.58168393,True,7.697439e-06,0.04690595,0.3714025,0.58168393
1,1,1.0,True,2.1307609e-19,1.0,1.2816263e-17,4.3178072e-11
1,1,0.63924825,True,2.1924357e-07,0.63924825,0.23623918,0.12451233
0,0,1.0,True,1.0,0.0,0.0,1.54e-43
1,1,0.9268315,True,1.6688555e-11,0.9268315,0.073160864,7.6105293e-06
3,2,0.49419034,False,9.274816e-06,0.12889877,0.49419034,0.37690163
3,3,1.0,True,3.9675476e-13,9.717304e-12,3.13971e-08,1.0
2,2,0.7289692,True,1.6555177e-05,0.063269965,0.7289692,0.20774421
2,2,0.81785595,True,3.3841975e-06,0.011208115,0.81785595,0.17093244
1,2,0.39813545,False,7.2487037e-06,0.2909695,0.39813545,0.31088778
0,0,1.0,True,1.0,0.0,0.0,0.0
1,1,0.9646633,True,1.1252609e-07,0.9646633,0.00080835796,0.034528267
2,2,0.5588504,True,7.1002837e-06,0.045725606,0.5588504,0.39541683
1,3,0.47543526,False,2.0465732e-05,0.17502551,0.34951878,0.47543526
3,3,0.4675526,True,2.4391988e-05,0.19201203,0.34041104,0.4675526
3,3,0.48858643,True,9.353442e-06,0.26433608,0.2470681,0.48858643
0,0,1.0,True,1.0,0.0,0.0,0.0
0,0,1.0,True,1.0,0.0,0.0,0.0
2,2,0.73427826,True,1.5841964e-06,0.004800266,0.73427826,0.2609199
0,0,1.0,True,1.0,2.0906522e-38,0.0,2.6212819e-33
1,1,0.9956321,True,3.9375152e-08,0.9956321,0.0004878646,0.0038799634
2,3,0.5985414,False,1.5567693e-06,0.107330516,0.29412657,0.5985414
1,2,0.55244696,False,8.352943e-06,0.041357785,0.55244696,0.40618682
3,3,0.9727271,True,1.4902577e-05,0.021638958,0.0056190575,0.9727271
0,0,1.0,True,1.0,0.0,0.0,0.0
1,1,0.490691,True,2.8270145e-07,0.490691,0.46207926,0.047229476
2,2,0.58484113,True,6.6999264e-06,0.06335873,0.58484113,0.35179347
3,3,0.80771935,True,8.24596e-06,0.044784926,0.14748745,0.80771935
3,3,0.7855108,True,6.4109314e-05,0.044739492,0.16968557,0.7855108
0,0,1.0,True,1.0,8.1999326e-30,1.1187145e-27,1.0671028e-26
1,1,0.3863649,True,1.4009846e-05,0.3863649,0.2718197,0.3418014
2,3,0.49477503,False,9.6875745e-05,0.106092855,0.3990352,0.49477503
2,2,0.7902405,True,2.0391045e-07,0.034241017,0.7902405,0.17551826
3,3,0.5462999,True,2.5714564e-06,0.096998386,0.35669917,0.5462999
2,2,0.7196077,True,1.1211441e-05,0.11142571,0.7196077,0.16895536
2,2,0.722797,True,1.6933299e-06,0.08419021,0.722797,0.1930111
0,0,1.0,True,1.0,1.3316281e-10,1.7465086e-12,2.8577935e-13
0,0,1.0,True,1.0,0.0,0.0,0.0
0,0,0.9999999,True,0.9999999,6.1039884e-08,7.928963e-15,2.4947128e-10
0,0,1.0,True,1.0,0.0,0.0,0.0
0,0,1.0,True,1.0,0.0,0.0,0.0
3,3,0.9008502,True,1.0591961e-07,0.011642124,0.087507576,0.9008502
0,0,1.0,True,1.0,1.865254e-39,5.1754e-40,3.961475e-32
1,1,0.5451886,True,2.9326298e-05,0.5451886,0.09955424,0.35522786
3,3,0.83791053,True,6.194346e-07,0.0014799939,0.16060886,0.83791053
0,0,1.0,True,1.0,4.1727695e-25,3.204095e-28,3.2912115e-26
0,0,1.0,True,1.0,0.0,0.0,0.0
3,2,0.48713025,False,3.5507626e-06,0.31824493,0.48713025,0.19462126
0,0,1.0,True,1.0,0.0,0.0,0.0
1,1,0.82446,True,1.4015638e-05,0.82446,0.051072694,0.12445325
1,3,0.5135201,False,1.5683074e-05,0.14105599,0.3454083,0.5135201
3,2,0.68211025,False,1.0815078e-06,0.015306129,0.68211025,0.30258256
2,3,0.5571136,False,1.8707641e-06,0.019732408,0.42315215,0.5571136
3,3,0.99582267,True,1.6226222e-06,0.0031023063,0.0010733919,0.99582267
2,2,0.48166072,True,1.4624125e-05,0.06796284,0.48166072,0.4503618
0,0,0.99999976,True,0.99999976,5.3438816e-12,3.7583794e-11,2.0955012e-07
3,2,0.5239959,False,1.2013197e-05,0.08005014,0.5239959,0.39594194
3,3,0.39609668,True,4.3104824e-06,0.28737703,0.316522,0.39609668
2,2,0.68755627,True,1.2264234e-05,0.029358571,0.68755627,0.2830729
0,0,1.0,True,1.0,3.191834e-36,6.33034e-40,3.2240884e-38
1,1,0.51585263,True,1.2786873e-06,0.51585263,0.0954494,0.38869664
2,2,0.8714525,True,2.3695138e-07,0.028542936,0.8714525,0.10000437
3,1,0.78991824,False,1.5496002e-05,0.78991824,0.004277551,0.20578873
2,2,0.98895246,True,3.661328e-08,0.00028571126,0.98895246,0.010761828
0,0,1.0,True,1.0,1.9548e-41,4.7334013e-33,1.5918764e-28
1,3,0.5013739,False,9.614563e-07,0.23111747,0.26750767,0.5013739
1,2,0.66139203,False,2.159094e-07,0.18838637,0.66139203,0.15022135
1,3,0.58206445,False,2.4990754e-06,0.31994438,0.09798863,0.58206445
2,2,0.6223856,True,7.7950215e-05,0.050932985,0.6223856,0.32660344
2,2,0.8164074,True,1.7532475e-06,0.036802568,0.8164074,0.14678833
0,0,1.0,True,1.0,0.0,0.0,0.0
2,3,0.5424115,False,2.3920106e-06,0.09779165,0.3597945,0.5424115
0,0,1.0,True,1.0,5.0990786e-28,3.3201895e-26,7.222895e-17
1,3,0.58115524,False,4.4911676e-06,0.41121075,0.0076295123,0.58115524
1,1,0.9534259,True,1.335687e-07,0.9534259,0.043721303,0.0028526688
3,3,0.7228383,True,1.9130987e-06,0.0064258045,0.27073395,0.7228383
3,2,0.5305214,False,1.5296246e-05,0.050722834,0.5305214,0.41874045
3,3,0.37172157,True,6.658904e-07,0.30825382,0.32002392,0.37172157
1,1,0.9870673,True,8.2404966e-08,0.9870673,0.00038046937,0.012552174
2,3,0.50579774,False,3.3045246e-06,0.035284642,0.45891434,0.50579774
1,2,0.6391122,False,6.163429e-06,0.16921872,0.6391122,0.19166291
3,3,0.97467077,True,1.5673362e-07,0.014835869,0.010493318,0.97467077
0,0,1.0,True,1.0,2.2369657e-34,3.8217695e-30,1.2466662e-25
0,0,1.0,True,1.0,0.0,0.0,1.7e-44
3,3,0.9073293,True,8.516179e-06,0.053738285,0.03892388,0.9073293
1,1,0.696755,True,4.1824455e-07,0.696755,0.04516979,0.25807485
2,1,0.40615204,False,5.104643e-06,0.40615204,0.2003394,0.3935035
1,2,0.53100914,False,8.642088e-06,0.22590524,0.53100914,0.24307701
3,2,0.55201125,False,9.682792e-06,0.09851904,0.55201125,0.3494601
3,2,0.61929935,False,4.4609365e-06,0.040199593,0.61929935,0.3404966
1,1,0.9984285,True,6.498922e-11,0.9984285,3.8700076e-05,0.001532779
3,3,0.5467796,True,3.7638588e-06,0.028270526,0.42494616,0.5467796
3,2,0.463518,False,5.0175986e-06,0.14382122,0.463518,0.39265567
2,2,0.73336,True,3.8744524e-06,0.020454025,0.73336,0.24618211
0,0,1.0,True,1.0,1.0316702e-12,3.391518e-18,7.741652e-16
3,2,0.5859572,False,2.8791746e-06,0.14502701,0.5859572,0.26901296
2,0,0.3559852,False,0.3559852,0.19583744,0.097227775,0.35094962
0,0,0.94896966,True,0.94896966,0.05042793,0.000479153,0.00012324694
1,1,0.7612692,True,2.6154341e-06,0.7612692,0.09654796,0.14218026
2,2,0.70070475,True,8.6916407e-07,0.00431105,0.70070475,0.2949834
0,0,1.0,True,1.0,0.0,0.0,0.0
1,1,0.5408653,True,4.4977038e-05,0.5408653,0.15097651,0.30811316
3,2,0.7272235,False,7.597919e-07,0.012750493,0.7272235,0.26002523
1,2,0.8174841,False,2.0376428e-06,0.058175508,0.8174841,0.124338314
2,2,0.6494266,True,5.3987246e-06,0.015824428,0.6494266,0.3347436
3,2,0.5833412,False,4.1499284e-06,0.04265561,0.5833412,0.37399903
2,2,0.6871294,True,2.2734216e-06,0.06307423,0.6871294,0.2497941
0,0,1.0,True,1.0,0.0,0.0,0.0
2,3,0.6849938,False,5.2609344e-06,0.06693742,0.24806347,0.6849938
3,2,0.70774066,False,2.1457895e-06,0.019822896,0.70774066,0.27243438
2,2,0.550249,True,8.364022e-06,0.08172135,0.550249,0.3680213
0,0,1.0,True,1.0,0.0,0.0,0.0
1,2,0.76791286,False,9.63957e-10,0.2215599,0.76791286,0.01052724
0,0,1.0,True,1.0,0.0,0.0,0.0
3,3,0.52029335,True,3.860042e-06,0.052790977,0.42691177,0.52029335
3,3,0.9993724,True,1.2103798e-05,2.2769416e-05,0.0005927922,0.9993724
2,2,0.6553428,True,1.1073087e-06,0.07844393,0.6553428,0.26621222
3,1,0.52646565,False,5.277703e-06,0.52646565,0.31258017,0.1609489
1,3,0.46898326,False,6.353756e-06,0.18428054,0.3467299,0.46898326
2,2,0.5750842,True,1.2927152e-05,0.043548338,0.5750842,0.38135448
0,0,1.0,True,1.0,0.0,0.0,0.0
3,2,0.5938583,False,8.241174e-06,0.02722048,0.5938583,0.378913
0,0,1.0,True,1.0,2.382154e-35,2.820252e-39,4.5055013e-29
0,0,1.0,True,1.0,0.0,0.0,0.0
1,1,0.4315957,True,2.2208537e-06,0.4315957,0.2664152,0.30198687
0,0,1.0,True,1.0,0.0,0.0,0.0
0,0,1.0,True,1.0,6.5038e-41,6e-45,2.3605776e-29
2,2,0.9996717,True,2.0717188e-10,8.4544433e-07,0.9996717,0.00032742415
3,3,0.45913586,True,3.5115597e-06,0.18395583,0.35690472,0.45913586
2,3,0.5544513,False,3.4146158e-06,0.107146494,0.33839887,0.5544513
2,2,0.66657394,True,6.151671e-06,0.013069261,0.66657394,0.32035065
2,2,0.69635975,True,1.3782504e-06,0.015226839,0.69635975,0.288412
2,2,0.67751706,True,2.4634535e-06,0.009741225,0.67751706,0.31273922
0,0,1.0,True,1.0,1.7820015e-20,1.0325923e-18,2.1765964e-17
1,1,0.6763655,True,4.075053e-05,0.6763655,0.19179037,0.1318034
3,3,0.5534413,True,1.701168e-05,0.028939858,0.41760185,0.5534413
1,1,0.9990351,True,1.6876772e-08,0.9990351,8.850427e-07,0.0009639413
3,2,0.6075663,False,8.469977e-06,0.037378315,0.6075663,0.3550469
3,2,0.6708395,False,3.2670428e-06,0.0424614,0.6708395,0.2866958
3,3,0.93201834,True,3.1417824e-07,0.010124695,0.057856645,0.93201834
3,3,0.998517,True,5.841176e-08,2.1067556e-06,0.0014808327,0.998517
3,3,0.5347669,True,1.9870997e-05,0.08289742,0.3823159,0.5347669
2,2,0.71304506,True,1.6847187e-05,0.039894838,0.71304506,0.24704328
3,3,0.60472894,True,1.0667057e-05,0.05007283,0.3451876,0.60472894
0,0,1.0,True,1.0,0.0,0.0,0.0
2,2,0.5774907,True,2.7910071e-05,0.039017472,0.5774907,0.38346395
1,1,0.97745574,True,3.3078248e-08,0.97745574,5.279647e-06,0.022538938
2,2,0.7435628,True,1.096184e-05,0.03126278,0.7435628,0.22516337
3,3,0.735869,True,5.513488e-06,0.054035295,0.21009018,0.735869
3,2,0.7220848,False,2.5691916e-06,0.018936496,0.7220848,0.25897607
0,0,1.0,True,1.0,0.0,0.0,0.0
2,2,0.5073603,True,4.633543e-06,0.04254463,0.5073603,0.45009038
0,0,1.0,True,1.0,4.0934046e-32,1.2345149e-30,1.9633179e-32
3,3,0.65428126,True,2.9282746e-06,0.0037007597,0.34201506,0.65428126
0,0,1.0,True,1.0,6.0442097e-34,2.947598e-36,8.290139e-37
0,0,1.0,True,1.0,8.266981e-17,1.5291307e-12,3.822588e-14
1,1,0.9999378,True,5.024128e-13,0.9999378,7.0617466e-06,5.523929e-05
1,2,0.57993543,False,9.414442e-06,0.07901218,0.57993543,0.34104297
1,1,0.88950133,True,3.3457784e-06,0.88950133,0.041129123,0.069366224
0,0,1.0,True,1.0,5.9430247e-09,5.7201928e-09,1.5511757e-10
0,0,1.0,True,1.0,0.0,0.0,0.0
0,0,1.0,True,1.0,0.0,0.0,0.0
0,0,1.0,True,1.0,0.0,0.0,0.0
1,1,0.9986644,True,9.5763376e-11,0.9986644,3.254195e-05,0.0013031318
1,1,0.9998574,True,9.157604e-08,0.9998574,4.69363e-05,9.544363e-05
2,2,0.6648723,True,1.6889654e-06,0.07271395,0.6648723,0.26241207
1,1,0.9708632,True,1.476129e-06,0.9708632,0.0005371035,0.028598106
3,3,0.5480784,True,4.842107e-06,0.0147963455,0.43712044,0.5480784
2,2,0.7087819,True,2.6813839e-06,0.16091536,0.7087819,0.13030006
0,0,1.0,True,1.0,0.0,0.0,0.0
2,2,0.8075297,True,7.968491e-07,0.008036437,0.8075297,0.18443307
3,2,0.7570192,False,6.8241225e-06,0.010159331,0.7570192,0.2328146
2,2,0.64289474,True,1.2799999e-05,0.11791809,0.64289474,0.23917443
0,0,1.0,True,1.0,0.0,0.0,0.0
0,0,1.0,True,1.0,2.9524948e-35,4.9695077e-38,3.8885894e-32
0,0,1.0,True,1.0,0.0,0.0,0.0
3,3,0.47750652,True,9.751523e-05,0.11413649,0.40825948,0.47750652
0,0,1.0,True,1.0,0.0,0.0,0.0
3,2,0.59848773,False,7.739251e-06,0.041188687,0.59848773,0.36031592
3,2,0.48742944,False,9.060031e-06,0.10416253,0.48742944,0.40839902
1,1,1.0,True,2.2712257e-16,1.0,9.8896013e-17,1.3856233e-13
3,2,0.5063347,False,4.862706e-06,0.058593344,0.5063347,0.43506712
2,2,0.3875358,True,1.6275668e-05,0.3524034,0.3875358,0.2600445
0,1,0.9703335,False,0.0010148836,0.9703335,0.008463891,0.02018772
3,3,0.49663812,True,9.0044905e-06,0.06637973,0.43697318,0.49663812
2,2,0.7974483,True,4.5151614e-07,0.03220362,0.7974483,0.17034763
0,0,1.0,True,1.0,0.0,0.0,0.0
1,1,0.84580475,True,1.1321495e-06,0.84580475,0.11750458,0.03668954
0,0,1.0,True,1.0,0.0,0.0,4e-45
3,2,0.51701283,False,3.9173588e-06,0.14634627,0.51701283,0.33663687
0,0,1.0,True,1.0,0.0,0.0,0.0
0,0,1.0,True,1.0,0.0,0.0,0.0
0,0,1.0,True,1.0,0.0,0.0,4.863249e-38
2,2,0.90656716,True,2.48191e-07,0.010858272,0.90656716,0.082574345
0,0,1.0,True,1.0,1.0440566e-30,7.7650724e-32,3.3545936e-38
3,3,0.99880326,True,2.0520275e-08,0.00032767112,0.00086908665,0.99880326
2,3,0.48540628,False,1.8899863e-06,0.08338676,0.43120506,0.48540628
3,3,0.9999832,True,7.122255e-12,1.2820371e-10,1.6825607e-05,0.9999832
3,2,0.37763885,False,1.0779541e-05,0.2571357,0.37763885,0.36521468
2,2,0.8353907,True,6.130005e-06,0.03077142,0.8353907,0.13383177
1,1,0.5899284,True,3.6367362e-06,0.5899284,0.27125332,0.13881472
1,1,0.9991425,True,3.432965e-10,0.9991425,0.00022026597,0.00063718075
0,0,1.0,True,1.0,0.0,0.0,0.0
1,1,0.9999993,True,1.1150205e-11,0.9999993,3.1483025e-11,7.497544e-07
2,2,0.5761257,True,4.517038e-06,0.030442195,0.5761257,0.3934276
1,1,0.6780969,True,3.6489344e-06,0.6780969,0.22663148,0.09526793
2,2,0.6273506,True,3.8794797e-06,0.023502797,0.6273506,0.34914273
0,0,1.0,True,1.0,0.0,0.0,0.0
3,2,0.66460824,False,4.294629e-06,0.021825971,0.66460824,0.31356153
2,2,0.8204549,True,6.7740802e-06,0.020933677,0.8204549,0.1586047
3,2,0.6350981,False,1.7826463e-06,0.0072612762,0.6350981,0.3576388
1,1,0.97366256,True,7.710408e-11,0.97366256,1.8087602e-06,0.026335562
1,1,0.9999975,True,3.1974221e-12,0.9999975,8.7122504e-10,2.506691e-06
1,2,0.57590616,False,8.1056845e-05,0.24767041,0.57590616,0.1763424
2,2,0.99754876,True,5.3957418e-08,0.00011817782,0.99754876,0.00233301
2,2,0.7208878,True,4.08316e-06,0.017097,0.7208878,0.26201105
0,0,1.0,True,1.0,0.0,0.0,0.0
0,0,1.0,True,1.0,0.0,0.0,0.0
0,0,1.0,True,1.0,0.0,0.0,0.0
0,0,1.0,True,1.0,0.0,0.0,3.623818e-39
2,2,0.49070764,True,3.0382607e-05,0.07421639,0.49070764,0.43504563
2,2,0.59385943,True,3.659525e-06,0.056862403,0.59385943,0.3492745
3,2,0.8447665,False,1.2506173e-07,0.010519947,0.8447665,0.14471346
2,2,0.6233125,True,4.6550635e-06,0.041118003,0.6233125,0.33556488
2,2,0.76619273,True,3.7135746e-06,0.01971084,0.76619273,0.21409273
0,0,1.0,True,1.0,1.632813e-35,2.1739536e-28,7.1095285e-25
0,0,1.0,True,1.0,0.0,0.0,0.0
1,1,0.9902686,True,7.797396e-06,0.9902686,0.007670249,0.0020533344
3,2,0.7206707,False,1.5494976e-06,0.024940439,0.7206707,0.25438726
3,3,0.9592382,True,2.2225697e-05,0.010572142,0.030167472,0.9592382
3,3,0.97416884,True,1.0815464e-06,2.1062373e-05,0.025809089,0.97416884
2,2,0.59173447,True,5.6338763e-06,0.087788746,0.59173447,0.32047108
2,2,0.5774774,True,3.8066462e-06,0.028286504,0.5774774,0.39423224
0,0,1.0,True,1.0,3.9236063e-09,1.3807262e-10,1.6507787e-08
0,0,1.0,True,1.0,0.0,0.0,0.0
3,3,0.44527888,True,5.169708e-06,0.10966439,0.44505152,0.44527888
2,2,0.5022806,True,1.6579605e-05,0.105272114,0.5022806,0.3924307
2,2,0.74412346,True,4.95017e-07,0.0017584455,0.74412346,0.25411758
0,0,1.0,True,1.0,0.0,0.0,0.0
3,3,0.6881776,True,2.2190395e-06,0.0924046,0.2194156,0.6881776
0,0,1.0,True,1.0,0.0,0.0,0.0
1,1,0.4686551,True,8.876047e-05,0.4686551,0.19568495,0.33557117
0,0,0.9999565,True,0.9999565,1.2325423e-06,2.7444921e-06,3.9523078e-05
1,1,0.86543876,True,2.7805104e-06,0.86543876,0.06398948,0.07056903
0,0,1.0,True,1.0,1.0813513e-25,3.4488563e-34,9.364258e-23
3,2,0.6163964,False,3.912615e-06,0.036866907,0.6163964,0.34673277
0,0,1.0,True,1.0,0.0,0.0,0.0
1,1,0.59583557,True,2.1164782e-07,0.59583557,0.3570623,0.047101915
3,3,0.95685,True,8.544335e-07,0.0011982396,0.04195094,0.95685
0,0,1.0,True,1.0,0.0,0.0,0.0
2,2,0.5740975,True,3.3390102e-06,0.14030002,0.5740975,0.28559908
3,2,0.49649027,False,3.2878495e-05,0.085434005,0.49649027,0.41804287
2,2,0.54377383,True,8.100513e-07,0.12267901,0.54377383,0.33354637
2,3,0.508934,False,3.518268e-06,0.09001818,0.4010443,0.508934
2,2,0.72199357,True,4.777233e-06,0.032825965,0.72199357,0.24517563
0,0,1.0,True,1.0,0.0,0.0,0.0
2,2,0.59137005,True,3.751425e-06,0.14500123,0.59137005,0.26362503
1,3,0.5083381,False,7.836329e-06,0.059604626,0.43204945,0.5083381
3,3,0.71769065,True,0.0003041005,0.039489627,0.2425156,0.71769065
0,0,1.0,True,1.0,0.0,0.0,0.0
2,3,0.61590785,False,1.4045683e-05,0.053107385,0.3309707,0.61590785
3,3,0.99984264,True,8.138124e-09,5.477316e-05,0.00010244554,0.99984264
2,2,0.99837303,True,1.6108956e-07,0.0013241998,0.99837303,0.00030263967
3,2,0.5678947,False,2.3278703e-06,0.0126156695,0.5678947,0.41948733
1,1,0.9999964,True,2.2866878e-12,0.9999964,1.2673208e-06,2.3146429e-06
1,1,0.67737156,True,3.8095368e-06,0.67737156,0.15814066,0.16448395
2,2,0.7382807,True,6.617214e-06,0.021423658,0.7382807,0.24028903
1,2,0.75193226,False,1.5510606e-05,0.028102532,0.75193226,0.21994975
2,2,0.99997604,True,4.9284383e-13,8.3327345e-09,0.99997604,2.3955286e-05
2,2,0.7654523,True,5.931233e-06,0.023606883,0.7654523,0.21093486
0,0,1.0,True,1.0,0.0,0.0,0.0
3,3,0.6388451,True,1.2107052e-06,0.0039484287,0.3572053,0.6388451
3,3,0.84981793,True,2.878283e-07,0.0032894062,0.14689237,0.84981793
1,2,0.5094908,False,3.0665947e-06,0.34607834,0.5094908,0.14442788
2,1,0.38390604,False,2.987802e-05,0.38390604,0.37580946,0.24025458
1,1,0.9999131,True,4.4582773e-09,0.9999131,3.846435e-06,8.3035426e-05
3,2,0.568957,False,6.3213147e-06,0.017190706,0.568957,0.41384605
3,3,0.78792804,True,3.915798e-06,0.039082967,0.17298515,0.78792804
1,2,0.47467485,False,5.5668093e-06,0.45930675,0.47467485,0.066012815
2,2,0.67106533,True,5.4664165e-06,0.049530163,0.67106533,0.27939907
0,0,1.0,True,1.0,0.0,0.0,4.026e-42
1,3,0.51572394,False,4.319938e-05,0.22014444,0.26408842,0.51572394
1,2,0.5296529,False,0.0006590665,0.11988171,0.5296529,0.34980637
2,2,0.69620806,True,1.0378208e-06,0.027156169,0.69620806,0.2766347
1,2,0.8767477,False,3.533603e-06,0.0771141,0.8767477,0.046134643
0,0,0.74657863,True,0.74657863,0.036943275,0.027162088,0.18931608
2,2,0.47490308,True,4.542003e-06,0.09241644,0.47490308,0.432676
2,3,0.5265428,False,9.542093e-06,0.06228961,0.41115803,0.5265428
2,2,0.49166033,True,3.482829e-06,0.043047387,0.49166033,0.46528894
0,0,1.0,True,1.0,2.599882e-39,1.3960742e-37,3.808515e-28
3,3,0.5327064,True,1.6149929e-06,0.007192839,0.46009922,0.5327064
1,1,0.98794645,True,5.799611e-09,0.98794645,5.3336993e-05,0.012000161
3,3,0.4965685,True,5.0750837e-06,0.16679408,0.33663234,0.4965685
3,2,0.5404941,False,5.152782e-06,0.029201394,0.5404941,0.43029937
2,2,0.93990177,True,3.4192763e-07,0.002495163,0.93990177,0.057602763
1,2,0.6261737,False,1.5987661e-06,0.18647975,0.6261737,0.18734507
3,3,0.7167924,True,1.32363175e-05,0.18821764,0.09497668,0.7167924
1,1,0.9999995,True,4.7331583e-13,0.9999995,1.3137353e-11,4.4997265e-07
2,2,0.76578754,True,3.0972299e-06,0.010367203,0.76578754,0.22384222
0,0,1.0,True,1.0,0.0,0.0,0.0
2,2,0.48392943,True,2.4612336e-06,0.07216264,0.48392943,0.4439054
2,2,0.6646357,True,7.607128e-06,0.055810116,0.6646357,0.27954656
2,2,0.95470965,True,4.3483126e-08,0.0010330834,0.95470965,0.0442572
3,3,0.7900636,True,5.1670474e-07,0.009934304,0.20000155,0.7900636
0,0,1.0,True,1.0,1.0288094e-34,7.781748e-37,5.982146e-39
2,2,0.99942017,True,1.10720995e-10,4.035473e-07,0.99942017,0.00057943835
3,3,0.9246333,True,5.599366e-05,0.006214106,0.06909654,0.9246333
3,2,0.56715995,False,1.2116452e-06,0.040111773,0.56715995,0.39272705
2,2,0.556063,True,3.7565992e-06,0.03801852,0.556063,0.40591478
1,2,0.62118936,False,8.105274e-07,0.23263632,0.62118936,0.14617349
0,0,1.0,True,1.0,4.4993e-41,3.5e-44,6.8537347e-29
3,3,0.6148252,True,2.7027986e-06,0.110503174,0.2746689,0.6148252
2,2,0.76500356,True,2.8993463e-06,0.03791625,0.76500356,0.19707735
3,3,0.76893675,True,6.416054e-07,0.013184943,0.21787766,0.76893675
1,1,0.4789621,True,2.526215e-06,0.4789621,0.06200311,0.45903224
0,0,1.0,True,1.0,0.0,0.0,0.0
0,0,1.0,True,1.0,0.0,0.0,0.0
3,3,0.9910768,True,2.8611042e-08,0.0053628883,0.0035603,0.9910768
1,1,0.99998593,True,2.3079108e-08,0.99998593,4.2335337e-06,9.768598e-06
0,0,1.0,True,1.0,0.0,1.5e-44,4.5e-44
3,3,0.7531575,True,1.0035606e-07,0.114478454,0.1323639,0.7531575
3,2,0.5356966,False,4.500762e-06,0.024731666,0.5356966,0.43956724
3,3,0.77613384,True,1.591637e-05,0.044854883,0.17899546,0.77613384
3,2,0.5313444,False,2.3023365e-06,0.006477252,0.5313444,0.4621761
3,3,0.5213496,True,5.7193114e-07,0.006387888,0.472262,0.5213496
3,2,0.53786933,False,1.0373814e-06,0.44044542,0.53786933,0.02168426
2,2,0.86324966,True,5.674393e-07,0.014740437,0.86324966,0.12200928
1,1,0.9147083,True,0.00058710226,0.9147083,0.04145554,0.043248966
3,2,0.6361887,False,5.3820067e-06,0.025625443,0.6361887,0.33818045
2,2,0.7528009,True,1.7774114e-06,0.014212893,0.7528009,0.23298442
3,3,0.5331895,True,4.1989117e-07,0.01922101,0.44758916,0.5331895
0,0,1.0,True,1.0,0.0,0.0,0.0
0,0,1.0,True,1.0,0.0,0.0,0.0
0,0,1.0,True,1.0,0.0,0.0,0.0
3,3,0.5413477,True,2.9475352e-06,0.1743601,0.28428927,0.5413477
1,1,1.0,True,4.59711e-13,1.0,6.248943e-12,1.1886801e-12
1,1,0.9999113,True,1.0148996e-09,0.9999113,4.1754533e-06,8.449433e-05
1,2,0.76442456,False,3.852625e-06,0.0999017,0.76442456,0.13566992
0,0,1.0,True,1.0,3.2778674e-26,1.6202769e-23,3.380924e-19
0,0,1.0,True,1.0,0.0,0.0,0.0
0,0,1.0,True,1.0,0.0,0.0,0.0
1,1,1.0,True,9.0749104e-14,1.0,1.0251047e-09,2.5225764e-09
1,1,0.59580904,True,3.4273655e-06,0.59580904,0.24880044,0.15538709
1,1,1.0,True,6.4142988e-12,1.0,7.616039e-11,6.5895767e-10
1,2,0.5069226,False,1.5710888e-05,0.18190041,0.5069226,0.31116122
3,3,0.96377325,True,3.369079e-05,0.029042559,0.007150511,0.96377325
3,3,0.6458614,True,4.5325696e-06,0.20323047,0.1509036,0.6458614
1,1,0.5799868,True,5.1203784e-08,0.5799868,0.4185029,0.0015102541
2,2,0.47281456,True,6.2718586e-06,0.1119001,0.47281456,0.415279
0,0,1.0,True,1.0,1.954888e-32,1.059e-40,1.6816e-41
0,0,1.0,True,1.0,0.0,0.0,0.0
2,2,0.7182132,True,1.7180157e-06,0.016348576,0.7182132,0.2654365
0,0,1.0,True,1.0,0.0,0.0,0.0
1,3,0.44764903,False,1.5749994e-05,0.39539716,0.15693802,0.44764903
3,3,0.9975936,True,8.480866e-09,0.0011611803,0.0012452212,0.9975936
0,0,1.0,True,1.0,2.9364327e-20,7.901402e-21,8.332749e-15
0,0,1.0,True,1.0,0.0,0.0,0.0
3,2,0.68787265,False,3.6791314e-06,0.05482593,0.68787265,0.25729772
2,2,0.6249366,True,1.2446208e-06,0.03357958,0.6249366,0.3414826
3,2,0.62325096,False,5.882568e-06,0.18479942,0.62325096,0.19194372
0,0,1.0,True,1.0,0.0,0.0,0.0
3,2,0.7039211,False,7.6042315e-06,0.05745143,0.7039211,0.23861979
1,1,0.48996922,True,8.695627e-06,0.48996922,0.29291236,0.21710975
3,3,0.51958966,True,8.239295e-06,0.17425507,0.30614698,0.51958966
2,2,0.41440588,True,2.1744965e-05,0.389346,0.41440588,0.19622636
3,3,0.5594063,True,2.464396e-06,0.025889479,0.41470173,0.5594063
1,2,0.5369561,False,1.0380301e-07,0.43574026,0.5369561,0.027303552
3,2,0.4942206,False,5.6863582e-06,0.05968979,0.4942206,0.4460839
3,2,0.45782396,False,9.482429e-06,0.09542305,0.45782396,0.4467434
3,3,0.6955829,True,4.477436e-06,0.07985331,0.22455928,0.6955829
0,0,1.0,True,1.0,0.0,0.0,0.0
3,3,0.9633911,True,0.00019731224,0.00085527595,0.035556242,0.9633911
0,0,1.0,True,1.0,0.0,0.0,0.0
2,2,0.54170954,True,3.188081e-06,0.0645969,0.54170954,0.39369038
1,1,0.99182206,True,3.0502608e-06,0.99182206,0.00031199137,0.007862857
2,2,0.56252885,True,3.150877e-06,0.063598126,0.56252885,0.3738699
0,0,1.0,True,1.0,0.0,0.0,0.0
0,0,1.0,True,1.0,0.0,0.0,6.68e-43
2,2,0.94791275,True,9.657027e-07,0.0027590645,0.94791275,0.049327202
0,0,1.0,True,1.0,0.0,0.0,0.0
3,3,0.63986427,True,6.5698696e-05,0.10602414,0.25404596,0.63986427
1,1,1.0,True,1.3416575e-14,1.0,2.2008637e-13,5.5503723e-08
3,3,0.7090822,True,6.3990833e-06,0.06207473,0.22883669,0.7090822
1,1,0.48733142,True,9.751406e-06,0.48733142,0.13248847,0.3801704
0,0,1.0,True,1.0,2.1810706e-37,3.675132e-39,3.0155542e-28
1,1,0.7741026,True,9.0188473e-07,0.7741026,0.025921956,0.19997448
0,0,1.0,True,1.0,0.0,0.0,0.0
2,2,0.9521851,True,9.7038416e-08,0.0021045266,0.9521851,0.045710288
2,2,0.8485466,True,4.3992003e-07,0.0058222613,0.8485466,0.14563076
2,2,0.95055956,True,3.6166284e-07,0.008011108,0.95055956,0.041429047
2,2,0.5636825,True,3.0248844e-05,0.084125146,0.5636825,0.3521621
0,0,1.0,True,1.0,6.709125e-31,3.06e-42,5.299055e-33
0,0,1.0,True,1.0,0.0,0.0,0.0
0,0,1.0,True,1.0,1.6760146e-37,5.954039e-36,8.356471e-21
3,3,0.508968,True,2.0412635e-07,0.15218347,0.3388483,0.508968
2,2,0.6968496,True,7.247118e-07,0.034649145,0.6968496,0.2685005
3,3,0.5142054,True,3.1375462e-06,0.019560564,0.46623087,0.5142054
2,2,0.40645134,True,5.1626407e-06,0.2084127,0.40645134,0.38513082
2,2,0.69341666,True,1.1845029e-05,0.09897144,0.69341666,0.20760012
1,1,0.59497035,True,4.7257305e-07,0.59497035,0.3428881,0.06214117
2,3,0.5897477,False,2.3878517e-06,0.031288225,0.37896165,0.5897477
0,0,0.99375486,True,0.99375486,0.0003628143,0.00048224727,0.0054000793
0,0,1.0,True,1.0,1.3282301e-16,2.100418e-18,4.287984e-18
0,0,1.0,True,1.0,4.321114e-21,7.686178e-25,2.282562e-22
0,0,1.0,True,1.0,2.6612587e-35,2.791964e-29,4.6076797e-24
0,0,0.99989414,True,0.99989414,3.908431e-06,1.3013513e-05,8.898849e-05
3,3,0.49307048,True,7.4029185e-06,0.1746598,0.33226237,0.49307048
1,1,0.9830752,True,0.000108742104,0.9830752,0.00180906,0.01500697
2,2,0.62510633,True,1.3206211e-05,0.03108804,0.62510633,0.34379244
2,2,0.55826247,True,9.419466e-06,0.022116292,0.55826247,0.41961184
2,2,0.49997318,True,7.246464e-06,0.079565234,0.49997318,0.42045426
1,2,0.53290015,False,1.2259635e-05,0.15537126,0.53290015,0.31171632
1,1,0.9969355,True,2.9941873e-09,0.9969355,8.477272e-06,0.0030560165
1,2,0.47009826,False,2.4586383e-05,0.2538116,0.47009826,0.2760655
2,2,0.6759191,True,2.3703683e-06,0.012202281,0.6759191,0.3118762
1,1,0.9998785,True,1.37421e-08,0.9998785,2.1162174e-08,0.00012148882
0,0,1.0,True,1.0,0.0,0.0,0.0
3,2,0.6486649,False,7.061542e-06,0.020080548,0.6486649,0.33124748
2,3,0.57523286,False,1.105758e-05,0.049758784,0.37499735,0.57523286
0,0,1.0,True,1.0,1.3249495e-33,4.3178557e-34,4.9830226e-31
3,3,0.8332065,True,2.8660705e-05,0.013847906,0.15291694,0.8332065
0,0,1.0,True,1.0,0.0,0.0,0.0
2,2,0.90161276,True,9.120413e-07,0.0034535492,0.90161276,0.09493286
3,3,0.966281,True,2.8482714e-07,0.00035820293,0.03336051,0.966281
1,1,0.88112,True,5.666961e-06,0.88112,0.061575346,0.057299048
2,2,0.5168771,True,1.12553125e-05,0.23804963,0.5168771,0.24506198
1,1,0.96694374,True,1.3008273e-08,0.96694374,0.00041879903,0.032637466
0,0,1.0,True,1.0,0.0,0.0,0.0
3,2,0.48954436,False,6.831829e-06,0.042534247,0.48954436,0.46791455
2,2,0.61999816,True,1.3711611e-05,0.1191301,0.61999816,0.260858
0,0,1.0,True,1.0,0.0,0.0,0.0
0,0,1.0,True,1.0,0.0,0.0,0.0
0,0,1.0,True,1.0,0.0,0.0,0.0
0,0,1.0,True,1.0,0.0,0.0,0.0
1,1,0.97348547,True,1.6894719e-08,0.97348547,0.0053230235,0.021191478
0,0,1.0,True,1.0,0.0,0.0,0.0
3,3,0.7549502,True,2.5449406e-06,0.007777265,0.23727001,0.7549502
2,2,0.80400276,True,8.562266e-06,0.042319912,0.80400276,0.15366873
0,0,1.0,True,1.0,0.0,0.0,0.0
1,1,0.8403264,True,1.8393296e-06,0.8403264,0.055662252,0.104009494
0,0,1.0,True,1.0,0.0,0.0,0.0
1,1,0.84463173,True,1.5226614e-06,0.84463173,0.1219589,0.033407822
0,0,1.0,True,1.0,0.0,0.0,0.0
0,0,1.0,True,1.0,0.0,0.0,0.0
2,2,0.9985839,True,2.1693811e-09,3.848261e-05,0.9985839,0.0013776179
1,1,0.9999995,True,7.880263e-11,0.9999995,5.480265e-09,4.3409685e-07
0,0,1.0,True,1.0,0.0,0.0,0.0
0,0,1.0,True,1.0,0.0,0.0,0.0
3,3,0.88307875,True,9.3255767e-07,0.024845509,0.09207483,0.88307875
0,0,1.0,True,1.0,0.0,0.0,0.0
3,3,0.9873695,True,3.281096e-06,0.011680208,0.0009470582,0.9873695
3,3,0.42699948,True,4.0551963e-06,0.1811088,0.39188766,0.42699948
0,0,1.0,True,1.0,1.2265398e-11,1.1029462e-10,2.888741e-09
1,1,0.6771654,True,4.8846046e-06,0.6771654,0.2984617,0.024368
1,1,0.62869024,True,6.957735e-06,0.62869024,0.076342806,0.29496005
2,2,0.65099347,True,7.319312e-06,0.011357837,0.65099347,0.33764145
2,2,0.5204948,True,2.4458727e-06,0.02992815,0.5204948,0.4495746
0,0,1.0,True,1.0,5.2928246e-21,3.490983e-22,2.506461e-17
3,3,0.41730532,True,5.1778894e-05,0.28130743,0.30133548,0.41730532
0,0,0.9999378,True,0.9999378,6.2122665e-05,1.5174702e-11,9.5349804e-08
2,2,0.8376044,True,6.096386e-07,0.0043114657,0.8376044,0.15808354
3,3,0.755589,True,4.20219e-05,0.19446504,0.049903963,0.755589
3,2,0.566199,False,4.3867253e-06,0.048800748,0.566199,0.38499585
0,0,1.0,True,1.0,0.0,0.0,0.0
3,3,0.99936503,True,7.6550634e-05,9.843962e-06,0.00054860103,0.99936503
1,2,0.73761123,False,8.008782e-06,0.12530711,0.73761123,0.13707359
1,1,0.376054,True,1.190671e-05,0.376054,0.31261745,0.31131658
0,0,1.0,True,1.0,3.5895975e-26,4.515832e-26,9.6048414e-24
2,2,0.8125996,True,5.9184885e-07,0.0041278326,0.8125996,0.18327196
0,0,1.0,True,1.0,0.0,0.0,0.0
1,1,0.99681735,True,2.0489045e-08,0.99681735,0.0024010057,0.0007815249
1,1,0.945398,True,3.3073836e-06,0.945398,0.030862326,0.023736404
3,2,0.5545953,False,7.0189253e-06,0.030773545,0.5545953,0.41462407
2,2,0.62541896,True,7.8247615e-07,0.029154308,0.62541896,0.34542602
0,0,1.0,True,1.0,1.2293911e-32,1.1699411e-27,5.9465485e-36
3,2,0.7369852,False,8.028225e-06,0.060458202,0.7369852,0.20254862
2,1,0.7965894,False,0.0046056383,0.7965894,0.12085834,0.077946626
2,2,0.6429858,True,5.360154e-06,0.05119667,0.6429858,0.30581215
1,1,1.0,True,2.8457588e-15,1.0,2.2295044e-14,2.2080846e-08
3,3,0.6237034,True,1.1723644e-05,0.15916531,0.21711956,0.6237034
2,2,0.6638853,True,4.412674e-06,0.09612455,0.6638853,0.23998572
2,2,0.62692475,True,1.800631e-06,0.03101846,0.62692475,0.342055
0,0,1.0,True,1.0,0.0,0.0,0.0
0,0,1.0,True,1.0,0.0,0.0,4.22e-43
1,1,1.0,True,8.391187e-15,1.0,6.6311015e-12,4.0051997e-09
0,0,1.0,True,1.0,0.0,0.0,8e-45
2,2,0.5847888,True,8.29671e-06,0.060637895,0.5847888,0.35456502
1,1,0.9999926,True,6.872105e-13,0.9999926,7.2387235e-11,7.3682904e-06
1,1,0.67345065,True,1.077862e-07,0.67345065,0.2315638,0.094985396
3,2,0.48501948,False,8.697602e-06,0.0987834,0.48501948,0.41618845
1,2,0.5132899,False,2.9909725e-06,0.30694157,0.5132899,0.1797655
2,2,0.8285173,True,2.9121477e-06,0.025633246,0.8285173,0.14584652
1,1,0.9278303,True,8.857272e-08,0.9278303,0.00028176757,0.07188795
1,1,0.99869066,True,5.3506616e-10,0.99869066,3.343434e-05,0.0012758344
0,2,0.49854833,False,0.0058909743,0.06380274,0.49854833,0.4317579
1,1,0.92194116,True,2.0243388e-06,0.92194116,0.036335777,0.041721128
3,3,0.48567462,True,5.1727575e-06,0.1847319,0.3295883,0.48567462
3,2,0.45226258,False,7.788545e-06,0.12137518,0.45226258,0.42635444
2,2,0.7287326,True,5.3964327e-06,0.05282133,0.7287326,0.21844065
1,1,0.97994566,True,1.033386e-07,0.97994566,0.011552033,0.008502158
1,1,0.9999881,True,2.6626201e-11,0.9999881,1.5004767e-10,1.1953202e-05
2,2,0.5269315,True,6.0864722e-06,0.12095024,0.5269315,0.3521121
2,2,0.6241327,True,2.2402251e-05,0.07416231,0.6241327,0.30168265
0,0,1.0,True,1.0,0.0,0.0,0.0
2,2,0.99993587,True,5.298206e-12,9.493008e-08,0.99993587,6.409391e-05
1,1,0.45441204,True,1.2169135e-05,0.45441204,0.16662379,0.378952
2,3,0.53234446,False,1.0073649e-05,0.033569485,0.434076,0.53234446
2,2,0.511816,True,2.5647603e-06,0.010053104,0.511816,0.4781283
0,0,1.0,True,1.0,2.9334419e-36,4e-45,2.098e-42
0,0,1.0,True,1.0,0.0,0.0,0.0
3,2,0.76719344,False,2.2505774e-06,0.01797416,0.76719344,0.2148301
2,2,0.89405376,True,3.3959166e-06,0.010130927,0.89405376,0.09581182
3,2,0.5245729,False,6.8970603e-06,0.015955815,0.5245729,0.45946437
2,3,0.57772845,False,3.0121832e-06,0.048264723,0.37400386,0.57772845
1,1,0.89444256,True,4.176588e-07,0.89444256,0.013405422,0.09215164
0,0,0.99999285,True,0.99999285,1.4917733e-08,2.7718269e-08,7.1496897e-06
1,1,0.98280346,True,4.8487596e-08,0.98280346,0.00030669593,0.016889807
1,2,0.82950234,False,7.3293386e-06,0.05446508,0.82950234,0.116025254
1,1,1.0,True,3.690821e-19,1.0,1.902267e-17,1.6164917e-09
0,0,1.0,True,1.0,7.4197323e-22,4.5847606e-18,4.8782337e-12
3,3,0.9495852,True,0.00015673699,0.0052082124,0.045049835,0.9495852
3,3,0.9799825,True,7.681065e-08,0.0045294072,0.0154880015,0.9799825
3,2,0.5605422,False,1.4891325e-05,0.047102895,0.5605422,0.39234
1,2,0.56303746,False,5.163859e-07,0.2753146,0.56303746,0.16164742
2,3,0.6165149,False,3.8243346e-05,0.0052148555,0.3782319,0.6165149
0,0,1.0,True,1.0,0.0,0.0,0.0
3,2,0.57642215,False,3.0731546e-05,0.011600385,0.57642215,0.41194677
1,1,0.99999964,True,3.3453797e-15,0.99999964,2.9964867e-11,3.021948e-07
1,1,0.87534904,True,6.112604e-07,0.87534904,0.040158063,0.08449232
1,3,0.48356712,False,5.3449353e-06,0.38380218,0.13262545,0.48356712
3,3,0.7786904,True,1.610363e-06,0.027888333,0.19341968,0.7786904
0,0,1.0,True,1.0,9.781e-42,0.0,6.440624e-37
1,1,0.9417669,True,1.6332742e-05,0.9417669,0.0035247179,0.054692008
0,0,1.0,True,1.0,5.2796943e-22,8.467551e-31,1.7214954e-31
2,2,0.566674,True,1.2118165e-06,0.07210731,0.566674,0.36121744
0,0,1.0,True,1.0,0.0,0.0,0.0
0,0,1.0,True,1.0,1.4585531e-38,0.0,2.2988866e-36
1,1,1.0,True,1.3736519e-18,1.0,2.0795162e-16,3.468044e-16
2,2,0.5526018,True,3.9364025e-07,0.047948554,0.5526018,0.3994492
0,0,1.0,True,1.0,7.2469346e-24,6.753005e-24,2.3457345e-18
0,0,1.0,True,1.0,0.0,0.0,0.0
2,3,0.5634794,False,1.0424055e-05,0.022229334,0.41428083,0.5634794
3,1,0.9446638,False,9.8837305e-08,0.9446638,0.05331632,0.002019776
0,0,1.0,True,1.0,5.925489e-10,7.740014e-12,1.48701425e-08
0,0,1.0,True,1.0,3.86104e-23,2.214278e-21,4.137314e-17
3,3,0.84628963,True,1.4202408e-06,0.0060947114,0.14761426,0.84628963
2,2,0.48538703,True,3.835531e-06,0.10224604,0.48538703,0.41236317
0,0,1.0,True,1.0,0.0,0.0,0.0
1,1,0.9910082,True,3.8647272e-08,0.9910082,0.007456583,0.0015352042
1,1,0.9490541,True,4.6688328e-08,0.9490541,0.008552535,0.042393174
1,1,0.9935735,True,1.0281159e-09,0.9935735,0.0043091164,0.002117417
2,2,0.5740879,True,6.0837765e-06,0.052001774,0.5740879,0.3739042
2,2,0.78336227,True,7.5900937e-07,0.01051309,0.78336227,0.2061239
0,0,1.0,True,1.0,0.0,0.0,0.0
0,0,1.0,True,1.0,0.0,0.0,0.0
2,2,0.5744398,True,6.625183e-06,0.065428965,0.5744398,0.36012456
0,0,1.0,True,1.0,7.877276e-26,4.0781644e-23,1.7408042e-24
1,2,0.78077775,False,2.277246e-06,0.07504713,0.78077775,0.14417292
2,2,0.5296403,True,2.0072712e-06,0.010058178,0.5296403,0.4602995
3,2,0.65778893,False,3.2021815e-06,0.041463405,0.65778893,0.3007444
3,3,0.43837297,True,2.1882584e-05,0.13461818,0.42698693,0.43837297
2,2,0.9683275,True,2.0086128e-08,7.670056e-05,0.9683275,0.031595763
3,3,0.98993963,True,7.847561e-06,0.0003972658,0.009655323,0.98993963
3,3,0.50395983,True,1.203612e-05,0.0658528,0.43017533,0.50395983
2,2,0.5167162,True,4.086709e-06,0.08834624,0.5167162,0.39493346
0,0,1.0,True,1.0,0.0,0.0,0.0
2,2,0.4880503,True,3.9940446e-06,0.034032017,0.4880503,0.47791365
1,1,0.44998023,True,7.2139956e-05,0.44998023,0.40163082,0.14831682
1,2,0.47283232,False,4.198238e-06,0.14761324,0.47283232,0.37955028
0,0,1.0,True,1.0,0.0,0.0,0.0
3,2,0.524938,False,7.637426e-06,0.026538162,0.524938,0.44851625
0,0,1.0,True,1.0,5.000694e-16,1.6628401e-20,1.8050134e-16
3,3,0.70880187,True,1.9635242e-07,0.06625013,0.22494784,0.70880187
2,2,0.5163088,True,3.414192e-06,0.03559436,0.5163088,0.44809347
2,3,0.5835233,False,7.731743e-06,0.15560456,0.2608645,0.5835233
2,3,0.6121177,False,4.168348e-07,0.0061998433,0.381682,0.6121177
3,2,0.70955056,False,3.8430912e-06,0.023239236,0.70955056,0.26720643
2,2,0.58732927,True,1.7362734e-06,0.012898959,0.58732927,0.39977008
3,2,0.58560795,False,2.4711153e-06,0.026785541,0.58560795,0.387604
1,1,0.8648603,True,2.8747406e-06,0.8648603,0.02300239,0.11213438
0,0,1.0,True,1.0,1.7163335e-25,1.0420014e-34,9.90232e-25
3,2,0.6179724,False,1.9227239e-06,0.01241174,0.6179724,0.36961395
2,2,0.6083684,True,6.44892e-06,0.0674644,0.6083684,0.3241608
1,1,0.65703243,True,2.5897316e-06,0.65703243,0.14504474,0.19792026
1,1,0.9996743,True,1.6477604e-07,0.9996743,8.456861e-05,0.00024100846
0,0,1.0,True,1.0,0.0,0.0,0.0
2,2,0.9991239,True,2.683356e-09,1.3044352e-05,0.9991239,0.0008631054
2,3,0.60017693,False,7.631819e-06,0.11664941,0.28316608,0.60017693
0,0,1.0,True,1.0,0.0,0.0,0.0
0,0,1.0,True,1.0,0.0,0.0,0.0
3,3,0.5450635,True,1.2391828e-06,0.16210239,0.29283288,0.5450635
0,0,1.0,True,1.0,0.0,0.0,3.19452e-39
2,2,0.7695948,True,2.5420456e-06,0.029601214,0.7695948,0.20080137
0,0,1.0,True,1.0,0.0,0.0,0.0
1,3,0.43055102,False,3.900549e-06,0.21632779,0.3531173,0.43055102
3,3,0.55680877,True,2.284292e-06,0.018625392,0.42456356,0.55680877
3,2,0.6434339,False,9.179006e-06,0.021570982,0.6434339,0.33498588
0,0,1.0,True,1.0,0.0,0.0,0.0
3,2,0.53027713,False,3.0237914e-05,0.046686467,0.53027713,0.4230062
3,2,0.7284089,False,2.3516955e-06,0.016125193,0.7284089,0.25546357
2,2,0.56737244,True,4.284645e-06,0.033861406,0.56737244,0.39876184
1,1,0.99999976,True,2.4840764e-14,0.99999976,9.322215e-12,2.5975555e-07
0,0,1.0,True,1.0,0.0,0.0,0.0
1,1,0.56396395,True,4.7939166e-06,0.56396395,0.12684156,0.30918974
3,3,0.90590984,True,2.3203697e-06,9.960504e-05,0.093988344,0.90590984
3,3,0.4927672,True,2.663912e-06,0.02097189,0.48625824,0.4927672
1,1,0.99249166,True,7.886231e-07,0.99249166,5.7629975e-05,0.0074499086
0,0,1.0,True,1.0,1.9562033e-22,2.5416411e-26,1.379811e-20
3,3,0.5782079,True,0.42179203,3.1944216e-09,2.4105459e-08,0.5782079
1,1,0.99958974,True,4.9130623e-08,0.99958974,0.00039219917,1.7979259e-05
1,3,0.47243842,False,4.382743e-06,0.173067,0.35449022,0.47243842
2,2,0.9999572,True,1.6090953e-09,5.1314355e-06,0.9999572,3.7641206e-05
3,2,0.5123266,False,3.8385883e-06,0.030358406,0.5123266,0.45731112
3,3,0.53746647,True,1.8762837e-06,0.012247946,0.45028365,0.53746647
0,0,1.0,True,1.0,4.7476608e-29,5.6387077e-25,2.612596e-26
1,2,0.7136953,False,1.07247e-06,0.09884827,0.7136953,0.18745533
2,2,0.578752,True,6.053384e-06,0.04195359,0.578752,0.37928835
2,2,0.8315842,True,2.2237816e-06,0.01639071,0.8315842,0.15202293
1,1,0.94530636,True,2.137842e-07,0.94530636,0.00052736566,0.05416603
0,0,1.0,True,1.0,1.1954212e-35,4.57881e-40,5.4867136e-34
1,2,0.65155125,False,1.5098321e-06,0.28792346,0.65155125,0.060523875
0,0,1.0,True,1.0,0.0,0.0,0.0
0,0,1.0,True,1.0,1e-45,0.0,8.630618e-36
0,0,1.0,True,1.0,3.536992e-12,3.622287e-15,2.914089e-11
2,2,0.82275844,True,1.7579548e-06,0.005134735,0.82275844,0.17210506
2,2,0.69004875,True,3.6809527e-06,0.038962144,0.69004875,0.27098545
2,2,0.6746349,True,2.512251e-06,0.020515421,0.6746349,0.3048473
1,1,0.548416,True,1.6627582e-05,0.548416,0.07388092,0.37768635
1,1,0.9009087,True,3.291065e-06,0.9009087,0.08825012,0.010837816
0,0,1.0,True,1.0,0.0,0.0,0.0
3,3,0.7025627,True,3.105294e-07,0.009757265,0.28767973,0.7025627
1,1,0.99999964,True,4.290253e-12,0.99999964,3.567033e-07,4.7109605e-08
2,2,0.9189982,True,4.416111e-06,0.010777992,0.9189982,0.07021943
3,3,0.65900505,True,1.9792494e-06,0.08657337,0.25441957,0.65900505
2,3,0.5508047,False,8.422344e-06,0.03555015,0.4136367,0.5508047
2,2,0.5836121,True,1.3457042e-05,0.07499794,0.5836121,0.34137648
1,1,0.83924425,True,4.9002397e-06,0.83924425,0.034082353,0.12666851
0,0,1.0,True,1.0,0.0,0.0,0.0
0,0,1.0,True,1.0,5.05874e-40,0.0,1.4089696e-35
2,3,0.5085606,False,5.864769e-06,0.07070007,0.4207335,0.5085606
2,2,0.5735341,True,6.0046004e-06,0.02780891,0.5735341,0.39865103
2,2,0.95528424,True,9.596546e-08,0.0015675776,0.95528424,0.043148056
0,0,1.0,True,1.0,0.0,0.0,4.8e-44
3,2,0.62831014,False,6.793525e-06,0.0013946111,0.62831014,0.37028837
3,2,0.68986416,False,2.927308e-06,0.040753704,0.68986416,0.2693792
2,2,0.8032255,True,3.6712966e-06,0.033563938,0.8032255,0.16320688
3,3,0.5043711,True,4.1425587e-06,0.05822933,0.43739545,0.5043711
2,2,0.9684535,True,2.4551667e-07,0.0048168637,0.9684535,0.026729316
2,2,0.4983255,True,5.7018306e-06,0.07698263,0.4983255,0.42468613
3,2,0.48779836,False,5.8232645e-06,0.036152415,0.48779836,0.4760434
3,3,0.63170093,True,1.8326966e-05,0.09462041,0.27366036,0.63170093
3,3,0.5384405,True,3.9266874e-06,0.008863881,0.4526917,0.5384405
0,0,1.0,True,1.0,0.0,0.0,0.0
3,3,0.51439697,True,4.647745e-06,0.046741277,0.43885705,0.51439697
0,0,1.0,True,1.0,0.0,0.0,0.0
3,2,0.54392254,False,2.9066894e-06,0.016558487,0.54392254,0.43951616
1,1,0.9052587,True,5.4686675e-06,0.9052587,0.09165111,0.0030846938
3,2,0.58384573,False,3.0991148e-06,0.04695461,0.58384573,0.3691965
0,0,1.0,True,1.0,0.0,0.0,0.0
3,3,0.62154776,True,6.0379014e-05,0.032326434,0.34606543,0.62154776
0,0,1.0,True,1.0,0.0,0.0,0.0
0,0,1.0,True,1.0,3.6615866e-24,6.0180723e-27,1.686378e-30
1,2,0.8648672,False,9.297758e-07,0.06672626,0.8648672,0.06840568
1,1,0.73095983,True,4.241505e-06,0.73095983,0.06837171,0.20066425
3,2,0.54241306,False,1.6740822e-05,0.19092911,0.54241306,0.26664102
1,1,0.9996786,True,2.321713e-11,0.9996786,0.0003100478,1.1265243e-05
0,0,1.0,True,1.0,0.0,0.0,0.0
3,3,0.57093084,True,2.045786e-05,0.017600583,0.4114481,0.57093084
0,0,1.0,True,1.0,2.6671397e-15,7.1252707e-19,1.2814399e-18
1,3,0.5726855,False,9.93087e-07,0.34052005,0.08679348,0.5726855
2,2,0.491858,True,9.782318e-06,0.037152678,0.491858,0.4709795
1,1,1.0,True,5.447366e-17,1.0,1.9191516e-13,3.0045717e-09
0,0,1.0,True,1.0,2.0560519e-14,3.6904326e-16,3.1966537e-17
1,3,0.67886496,False,1.296039e-05,0.2078812,0.11324093,0.67886496
0,0,1.0,True,1.0,0.0,0.0,0.0
2,2,0.9998354,True,2.1176232e-09,5.692257e-05,0.9998354,0.0001076407
3,2,0.54416335,False,4.8447814e-06,0.033769667,0.54416335,0.42206213
2,2,0.63479394,True,3.305827e-06,0.035186466,0.63479394,0.33001623
0,0,1.0,True,1.0,0.0,0.0,0.0
1,1,0.53656733,True,0.00013134815,0.53656733,0.08980225,0.37349898
2,2,0.749749,True,5.5227447e-06,0.037093345,0.749749,0.21315213
1,2,0.526421,False,9.903346e-07,0.14771973,0.526421,0.32585832
3,3,0.56724375,True,2.2143497e-06,0.05693095,0.37582308,0.56724375
2,2,0.59816813,True,2.6381288e-06,0.26430312,0.59816813,0.13752618
1,3,0.40761748,False,1.9686452e-06,0.18974929,0.40263122,0.40761748
2,2,0.5938824,True,2.7425272e-06,0.02650528,0.5938824,0.3796096
1,1,0.8730743,True,1.0048087e-07,0.8730743,0.00043205,0.12649354
2,2,0.47697973,True,4.5342567e-06,0.089958794,0.47697973,0.43305692
0,0,1.0,True,1.0,4.4333448e-16,3.515789e-21,7.805157e-19
1,1,0.91288245,True,5.7672718e-08,0.91288245,0.077496015,0.00962149
2,2,0.67234135,True,4.046165e-06,0.029666213,0.67234135,0.29798838
2,2,0.81444293,True,7.7019274e-07,0.01466042,0.81444293,0.17089595
3,3,0.50091696,True,8.456343e-06,0.025148237,0.47392634,0.50091696
0,0,1.0,True,1.0,0.0,0.0,0.0
1,1,0.7405238,True,2.385573e-06,0.7405238,0.088595204,0.1708786
0,0,1.0,True,1.0,0.0,0.0,0.0
1,1,0.87080586,True,3.321577e-07,0.87080586,0.0066882763,0.12250555
1,2,0.50134426,False,5.1273396e-06,0.1604205,0.50134426,0.3382301
2,2,0.5103303,True,1.831623e-06,0.026208276,0.5103303,0.4634595
1,2,0.45274755,False,1.33703825e-05,0.1361209,0.45274755,0.41111812
1,1,0.557847,True,2.7241051e-06,0.557847,0.15670158,0.28544867
2,2,0.41589734,True,1.7563472e-05,0.18738428,0.41589734,0.39670083
2,2,0.55477864,True,2.4332046e-06,0.022271864,0.55477864,0.42294702
1,1,0.8321146,True,7.69229e-06,0.8321146,0.0029289692,0.16494876
0,0,1.0,True,1.0,1.2e-43,0.0,0.0
3,3,0.65008247,True,3.014445e-06,0.070543006,0.27937147,0.65008247
3,3,0.85397863,True,9.607281e-07,0.010311996,0.13570844,0.85397863
3,2,0.55505466,False,4.0235254e-06,0.017802237,0.55505466,0.42713898
3,1,0.7318154,False,9.578564e-07,0.7318154,0.17999987,0.088183776
0,0,1.0,True,1.0,0.0,0.0,0.0
1,1,0.9999937,True,1.910295e-12,0.9999937,4.483756e-11,6.31746e-06
2,2,0.5100681,True,8.448592e-06,0.049103107,0.5100681,0.44082034
0,0,1.0,True,1.0,3.644338e-30,9.635938e-29,2.2448512e-23
1,3,0.44271234,False,1.638009e-05,0.37222317,0.18504818,0.44271234
1,2,0.45869958,False,5.4178295e-06,0.13752565,0.45869958,0.4037694
0,0,1.0,True,1.0,0.0,0.0,0.0
1,3,0.6896551,False,2.9008074e-06,0.22664541,0.0836965,0.6896551
2,2,0.44065133,True,7.3733503e-07,0.24876413,0.44065133,0.31058383
0,0,1.0,True,1.0,0.0,0.0,0.0
0,0,1.0,True,1.0,0.0,0.0,0.0
3,3,0.75127536,True,1.4054885e-05,0.051051166,0.19765943,0.75127536
2,2,0.6359758,True,1.1971022e-06,0.05008398,0.6359758,0.31393903
1,1,0.78084886,True,9.246135e-08,0.78084886,0.17303704,0.04611406
0,0,1.0,True,1.0,5.6449046e-33,2.7334342e-36,2.8433812e-31
2,2,0.5576801,True,9.37223e-06,0.075977765,0.5576801,0.3663328
0,0,1.0,True,1.0,0.0,0.0,2.1761e-41
0,0,1.0,True,1.0,1.942607e-39,2.685607e-39,2.195392e-39
0,0,1.0,True,1.0,9.376347e-14,1.418359e-19,1.8099985e-16
3,2,0.5072176,False,6.41524e-06,0.023906982,0.5072176,0.46886903
2,2,0.6877504,True,9.615665e-06,0.118306406,0.6877504,0.1939336
1,1,0.99962306,True,1.0774281e-06,0.99962306,2.310764e-08,0.00037585787
0,0,1.0,True,1.0,1.5e-44,0.0,0.0
1,1,0.9999999,True,9.636304e-14,0.9999999,2.1921766e-11,1.6124592e-07
2,3,0.50900054,False,3.66943e-06,0.014492914,0.47650293,0.50900054
1,1,0.777567,True,1.0052939e-06,0.777567,0.009928261,0.21250364
2,2,0.5036149,True,1.9456602e-05,0.06288478,0.5036149,0.43348083
0,0,1.0,True,1.0,1.8369354e-27,3.6258047e-34,1.6569602e-17
1,2,0.5651593,False,6.9659286e-06,0.024622602,0.5651593,0.41021112
0,0,1.0,True,1.0,0.0,0.0,0.0
2,2,0.7522085,True,3.9372046e-07,0.0028855025,0.7522085,0.24490567
3,3,0.95608133,True,6.7487825e-05,0.009806811,0.034044385,0.95608133
0,0,1.0,True,1.0,1.2374435e-29,8.824621e-26,4.870957e-22
1,1,0.972253,True,2.6257837e-08,0.972253,2.0755273e-05,0.02772619
1,1,0.99851805,True,1.0730702e-06,0.99851805,4.2058724e-05,0.0014388397
1,3,0.48613667,False,7.181338e-07,0.40479124,0.10907138,0.48613667
1,3,0.37589827,False,2.9808384e-06,0.34815904,0.2759398,0.37589827
3,3,0.52669686,True,4.7327544e-06,0.10542783,0.36787063,0.52669686
1,1,0.9987708,True,4.500601e-09,0.9987708,6.4214844e-05,0.0011650767
2,2,0.6503011,True,1.3864912e-06,0.012712693,0.6503011,0.33698478
1,3,0.83544433,False,1.0691656e-05,0.062018357,0.10252664,0.83544433
1,1,0.9437795,True,4.3508285e-07,0.9437795,0.029351005,0.026869038
0,0,1.0,True,1.0,3e-45,3.2e-44,4e-45
0,0,1.0,True,1.0,1.1214945e-30,6.8076e-41,8.6516e-41
2,2,0.65867275,True,1.6873351e-05,0.01553634,0.65867275,0.325774
1,1,0.8506452,True,1.268672e-07,0.8506452,0.0067079263,0.14264679
2,2,0.55782944,True,1.18598045e-05,0.06402497,0.55782944,0.3781337
1,1,0.38849285,True,1.0141304e-05,0.38849285,0.33959904,0.271898
0,0,1.0,True,1.0,0.0,0.0,0.0
2,2,0.6343155,True,4.8240777e-06,0.030663189,0.6343155,0.3350165
0,0,1.0,True,1.0,0.0,0.0,0.0
1,1,0.8812856,True,6.5014336e-07,0.8812856,0.09223814,0.026475593
3,2,0.5352131,False,2.9782457e-06,0.023267617,0.5352131,0.44151634
3,3,0.8079553,True,7.878033e-07,0.00028775953,0.19175611,0.8079553
0,0,1.0,True,1.0,0.0,0.0,0.0
1,2,0.5339282,False,8.30868e-06,0.19447695,0.5339282,0.27158654
2,2,0.7844833,True,1.8989356e-06,0.06264248,0.7844833,0.15287232
1,1,0.7079867,True,2.3135923e-08,0.7079867,0.2914708,0.00054250506
2,2,0.73879904,True,7.579805e-07,0.0035633042,0.73879904,0.25763685
0,0,1.0,True,1.0,0.0,0.0,0.0
2,2,0.7545447,True,1.8197292e-07,0.012813033,0.7545447,0.23264208
2,2,0.7895129,True,2.2599208e-06,0.020377165,0.7895129,0.19010772
2,2,0.5240335,True,6.479159e-06,0.022593642,0.5240335,0.45336637
1,1,0.99976736,True,1.0565342e-09,0.99976736,1.9387102e-05,0.00021320862
1,1,1.0,True,7.3034926e-17,1.0,8.158516e-18,4.542458e-14
0,0,1.0,True,1.0,7.400172e-37,1e-45,3.599761e-32
0,0,1.0,True,1.0,0.0,0.0,0.0
1,1,0.7649429,True,1.3518811e-06,0.7649429,0.016973436,0.21808231
2,2,0.5632098,True,3.9193837e-06,0.03315273,0.5632098,0.4036336
2,2,0.7548964,True,9.13811e-06,0.08392554,0.7548964,0.16116893
2,3,0.53446114,False,6.51436e-06,0.07632441,0.3892079,0.53446114
3,2,0.45190346,False,2.2985327e-05,0.15434653,0.45190346,0.39372703
1,1,0.9999999,True,8.120333e-16,0.9999999,6.129655e-12,6.574455e-08
0,0,1.0,True,1.0,0.0,0.0,0.0
2,2,0.5815659,True,7.2012917e-06,0.03258088,0.5815659,0.38584602
0,0,0.99964666,True,0.99964666,0.00031580872,2.8663524e-05,8.847989e-06
3,2,0.5406752,False,6.7562773e-06,0.089405514,0.5406752,0.36991248
0,0,1.0,True,1.0,4.4838472e-21,1.067641e-17,9.28103e-14
3,3,0.5554108,True,8.212087e-07,0.15552826,0.28906015,0.5554108
3,3,0.6499645,True,1.538685e-06,0.117513575,0.23252039,0.6499645
3,3,0.56333333,True,4.666339e-06,0.03205683,0.40460518,0.56333333
1,1,0.36667776,True,2.1738977e-06,0.36667776,0.30786857,0.32545152
1,1,0.6543789,True,1.9667445e-06,0.6543789,0.023800649,0.32181853
2,3,0.5984727,False,2.1345172e-06,0.014707453,0.38681763,0.5984727
1,2,0.6768478,False,2.0145628e-05,0.07533955,0.6768478,0.24779253
1,3,0.8419824,False,1.3401482e-05,0.043106914,0.11489725,0.8419824
1,1,0.6023238,True,3.3087956e-06,0.6023238,0.25842798,0.13924488
1,2,0.4384738,False,8.291085e-06,0.15443854,0.4384738,0.40707934
2,2,0.8412869,True,6.342643e-05,0.07895977,0.8412869,0.079689905
2,2,0.7366404,True,1.4276794e-06,0.026937772,0.7366404,0.23642048
0,0,1.0,True,1.0,0.0,0.0,0.0
3,2,0.6071595,False,5.6833974e-06,0.038653083,0.6071595,0.3541817
3,3,0.4649416,True,1.3655484e-05,0.092139065,0.44290572,0.4649416
0,0,1.0,True,1.0,0.0,0.0,0.0
3,3,0.9237916,True,3.8935914e-07,0.03746583,0.03874224,0.9237916
3,3,0.5222666,True,0.0024658532,0.068056285,0.40721127,0.5222666
3,3,0.5597461,True,1.0469976e-06,0.017245231,0.42300758,0.5597461
3,3,0.7128017,True,7.2973967e-06,0.041218266,0.24597275,0.7128017
2,2,0.56760496,True,6.8756904e-06,0.09405846,0.56760496,0.3383296
2,2,0.8349464,True,5.107858e-07,0.005171917,0.8349464,0.1598812
2,2,0.5929944,True,1.0014645e-05,0.0945754,0.5929944,0.31242016
0,0,1.0,True,1.0,0.0,0.0,0.0
3,3,0.7472601,True,1.7735164e-06,0.012639421,0.24009871,0.7472601
0,0,1.0,True,1.0,0.0,0.0,0.0
2,3,0.5249313,False,1.2647826e-05,0.06383359,0.4112225,0.5249313
2,2,0.73156446,True,2.4427584e-06,0.043744072,0.73156446,0.22468911
2,2,0.99917525,True,8.125683e-09,0.000674006,0.99917525,0.00015074595
0,0,1.0,True,1.0,0.0,0.0,0.0
1,1,0.9843172,True,7.1211295e-09,0.9843172,0.00010708449,0.015575681
2,3,0.5559703,False,5.091317e-07,0.013826267,0.43020293,0.5559703
1,2,0.5357933,False,6.569783e-06,0.09274112,0.5357933,0.37145895
1,1,1.0,True,1.9436597e-17,1.0,9.4524625e-18,1.9721222e-10
1,1,0.5784703,True,5.41684e-05,0.5784703,0.18952632,0.23194924
3,3,0.89063644,True,9.187731e-07,0.0023912587,0.10697146,0.89063644
1,1,0.6237003,True,1.0145019e-05,0.6237003,0.08461796,0.29167154
2,2,0.76702267,True,5.0183786e-07,0.0039673136,0.76702267,0.22900955
2,2,0.9649357,True,1.9676959e-07,0.0009919452,0.9649357,0.0340721
2,2,0.8236409,True,1.5625394e-06,0.01725825,0.8236409,0.15909924
3,3,0.53505754,True,3.282537e-05,0.244163,0.22074662,0.53505754
1,1,0.9069185,True,1.3239558e-05,0.9069185,0.008796269,0.08427205
2,2,0.69759893,True,7.5003013e-06,0.025826426,0.69759893,0.27656716
0,0,1.0,True,1.0,3.6e-44,6.9e-42,0.0
3,3,0.7235921,True,2.308746e-05,0.092701904,0.18368289,0.7235921
3,1,0.7441418,False,1.1330342e-05,0.7441418,0.00565873,0.25018805
3,3,0.9524474,True,8.3607076e-05,0.0015039525,0.04596509,0.9524474
0,0,1.0,True,1.0,0.0,0.0,0.0
1,1,0.99990237,True,6.7560974e-12,0.99990237,4.467824e-05,5.286459e-05
2,3,0.48314595,False,3.137856e-06,0.07689747,0.43995345,0.48314595
1,1,0.8588086,True,9.555875e-06,0.8588086,0.0138990255,0.12728283
1,2,0.56870514,False,2.9550704e-06,0.21207087,0.56870514,0.21922107
0,0,0.9967032,True,0.9967032,0.0032935792,8.7231376e-07,2.362741e-06
0,0,1.0,True,1.0,0.0,0.0,0.0
1,1,0.9886485,True,5.997982e-07,0.9886485,1.4266177e-06,0.011349535
0,0,1.0,True,1.0,0.0,0.0,0.0
0,0,1.0,True,1.0,6.8950267e-32,3.6811e-41,1.8193655e-30
0,0,1.0,True,1.0,3.04e-42,0.0,5.296897e-39
0,0,1.0,True,1.0,0.0,0.0,0.0
3,2,0.5034889,False,1.0550032e-06,0.008016957,0.5034889,0.4884931
3,3,0.8010755,True,1.294105e-05,0.058521938,0.14038958,0.8010755
1,2,0.4513324,False,1.5110173e-05,0.12316864,0.4513324,0.42548394
2,2,0.66272706,True,1.1198113e-06,0.044591427,0.66272706,0.29268047
0,0,1.0,True,1.0,0.0,0.0,0.0
1,1,0.61599714,True,1.3049385e-05,0.61599714,0.04314619,0.34084368
2,2,0.7568516,True,5.402174e-07,0.015026651,0.7568516,0.22812118
2,2,0.4729097,True,2.8117327e-06,0.12295598,0.4729097,0.4041315
1,1,0.99854195,True,1.2668752e-07,0.99854195,8.55364e-05,0.0013723831
3,3,0.6868936,True,3.0224077e-05,0.0261203,0.2869559,0.6868936
0,0,1.0,True,1.0,0.0,0.0,0.0
2,2,0.86679184,True,5.9834264e-07,0.019337447,0.86679184,0.11387006
3,3,0.50750184,True,4.0349532e-06,0.14214535,0.35034877,0.50750184
1,1,0.99999285,True,4.0684157e-12,0.99999285,1.0062716e-09,7.167467e-06
1,1,0.9999167,True,1.1010293e-11,0.9999167,7.733465e-05,6.0013017e-06
2,2,0.99836606,True,8.0215784e-08,0.0012429126,0.99836606,0.00039089174
3,3,0.603399,True,1.03786315e-05,0.008853173,0.38773742,0.603399
0,0,1.0,True,1.0,0.0,0.0,0.0
0,0,1.0,True,1.0,1.8427798e-14,5.423073e-22,2.3079874e-23
1,1,0.8790965,True,5.0682906e-06,0.8790965,0.0048946002,0.11600378
2,2,0.51969993,True,4.7100016e-06,0.036602333,0.51969993,0.443693
2,2,0.6233499,True,1.1506679e-05,0.10777407,0.6233499,0.2688645
3,3,0.67760587,True,2.1189717e-06,0.028189648,0.29420233,0.67760587
2,2,0.6418667,True,3.2544335e-06,0.15286377,0.6418667,0.20526631
0,0,0.9956749,True,0.9956749,4.2707532e-05,0.0012855097,0.0029969655
2,2,0.45835522,True,1.5170895e-05,0.1800807,0.45835522,0.36154896
3,3,0.5182413,True,1.5009756e-06,0.017787162,0.46397004,0.5182413
2,2,0.79824185,True,1.841793e-06,0.020347957,0.79824185,0.18140839
3,2,0.42595556,False,5.004066e-07,0.30481878,0.42595556,0.26922515
2,2,0.7832135,True,6.6389424e-07,0.010243319,0.7832135,0.2065425
0,0,1.0,True,1.0,1.39e-43,0.0,1.3326e-41
2,2,0.6991812,True,1.6460987e-06,0.01899227,0.6991812,0.28182486
1,2,0.5916107,False,4.737003e-07,0.28213525,0.5916107,0.12625356
2,2,0.97160137,True,1.2542112e-06,0.012382837,0.97160137,0.016014468
1,1,0.9378409,True,8.220948e-07,0.9378409,0.0021262316,0.06003203
0,0,1.0,True,1.0,0.0,0.0,0.0
0,0,1.0,True,1.0,7.3560067e-31,3.3708062e-24,3.6230734e-23
0,0,1.0,True,1.0,0.0,0.0,0.0
2,2,0.67182064,True,5.1832245e-05,0.11914445,0.67182064,0.20898306
1,3,0.49814427,False,3.2402977e-06,0.14055876,0.36129373,0.49814427
3,2,0.90308136,False,1.2232878e-06,0.0153673515,0.90308136,0.08155015
2,2,0.9965611,True,1.1978689e-07,0.0008845311,0.9965611,0.0025542197
1,2,0.7565209,False,1.0047283e-05,0.14126202,0.7565209,0.10220706
2,3,0.547043,False,7.375402e-06,0.056764957,0.39618465,0.547043
1,2,0.6350887,False,4.987447e-06,0.16667248,0.6350887,0.19823387
1,1,0.71723574,True,8.4459845e-07,0.71723574,0.18422711,0.098536246
1,1,0.4152536,True,7.018948e-06,0.4152536,0.37842658,0.20631279
2,2,0.6028219,True,6.131198e-06,0.034357805,0.6028219,0.3628142
1,2,0.51848465,False,1.5721014e-05,0.26493743,0.51848465,0.21656217
2,2,0.7544238,True,2.8888178e-06,0.04077929,0.7544238,0.20479406
1,1,0.6246842,True,9.296557e-06,0.6246842,0.22285733,0.15244922
0,0,1.0,True,1.0,0.0,0.0,0.0
3,2,0.48182523,False,7.495124e-06,0.09949998,0.48182523,0.41866735
0,0,1.0,True,1.0,0.0,0.0,0.0
1,1,0.9998518,True,2.461244e-09,0.9998518,6.787141e-08,0.00014804072
2,2,0.5832106,True,3.7820757e-06,0.032345854,0.5832106,0.3844399
2,2,0.7620258,True,1.6127914e-06,0.017121397,0.7620258,0.22085123
2,3,0.60683733,False,2.989035e-06,0.01802533,0.37513432,0.60683733
3,2,0.7714996,False,1.2499704e-06,0.0070305043,0.7714996,0.22146866
3,1,0.7807352,False,4.610635e-07,0.7807352,0.1585607,0.060703654
3,2,0.5209779,False,6.581617e-06,0.11072797,0.5209779,0.3682875
1,3,0.5389524,False,0.0001557272,0.1051308,0.35576108,0.5389524
2,2,0.9468026,True,5.33352e-07,0.0046096956,0.9468026,0.048587043
1,2,0.43283308,False,1.6226463e-06,0.32191354,0.43283308,0.24525172
3,2,0.6553146,False,2.662745e-06,0.049077,0.6553146,0.29560566
3,2,0.45664734,False,3.2102057e-06,0.099889114,0.45664734,0.44346032
2,2,0.7771059,True,7.803013e-07,0.0052290475,0.7771059,0.21766433
3,3,0.59016556,True,6.079167e-08,0.011869758,0.39796457,0.59016556
3,2,0.70907915,False,9.847268e-06,0.035274282,0.70907915,0.25563678
1,1,0.9950138,True,3.8232626e-09,0.9950138,1.4111829e-06,0.004984783
1,1,0.999931,True,1.3666487e-09,0.999931,5.743007e-05,1.1597625e-05
0,0,1.0,True,1.0,0.0,0.0,0.0
3,2,0.6627249,False,4.525267e-06,0.023133975,0.6627249,0.31413662
2,2,0.5138887,True,5.388381e-06,0.035395496,0.5138887,0.45071042
0,0,1.0,True,1.0,0.0,0.0,0.0
0,0,1.0,True,1.0,5.72096e-40,0.0,1.2497928e-28
1,3,0.46428877,False,6.4361666e-06,0.23463647,0.30106837,0.46428877
1,2,0.58387655,False,2.2695825e-05,0.18608491,0.58387655,0.23001583
0,0,1.0,True,1.0,0.0,0.0,0.0
2,2,0.8619627,True,3.153317e-07,0.007364735,0.8619627,0.13067229
0,0,1.0,True,1.0,0.0,0.0,0.0
2,2,0.5559734,True,1.6784994e-05,0.1625896,0.5559734,0.28142023
3,2,0.72241986,False,7.335692e-06,0.05709132,0.72241986,0.22048147
3,2,0.4851496,False,2.0248859e-05,0.14519535,0.4851496,0.36963484
2,3,0.4996442,False,5.9834338e-06,0.095773906,0.40457597,0.4996442
2,2,0.7700697,True,1.1121972e-06,0.021076892,0.7700697,0.20885228
2,2,0.74617684,True,7.546942e-06,0.036801063,0.74617684,0.21701455
0,0,1.0,True,1.0,1.496236e-39,1e-45,3.8467562e-35
3,3,0.85204005,True,6.459903e-07,0.01046272,0.13749656,0.85204005
0,0,1.0,True,1.0,0.0,0.0,0.0
2,3,0.5824801,False,0.02470029,0.31556606,0.07725353,0.5824801
3,2,0.47801933,False,3.556003e-06,0.09070285,0.47801933,0.43127435
2,2,0.8870751,True,2.6416433e-07,0.0069449195,0.8870751,0.10597972
1,1,0.9999975,True,1.2521984e-11,0.9999975,8.7567487e-10,2.481642e-06
0,3,0.9183935,False,0.012565275,0.00015231018,0.0688889,0.9183935
3,3,0.9269092,True,1.6698426e-07,0.038956843,0.0341338,0.9269092
2,2,0.77897316,True,3.248604e-06,0.111896574,0.77897316,0.10912697
3,3,0.79674625,True,1.9203458e-06,0.030550044,0.1727018,0.79674625
2,2,0.72458416,True,5.0764135e-07,0.013138103,0.72458416,0.26227725
0,0,1.0,True,1.0,2.5117465e-38,7.147661e-38,7.2419714e-36
0,0,1.0,True,1.0,0.0,0.0,0.0
0,0,1.0,True,1.0,1.2340134e-19,1.4653428e-27,4.8125115e-25
1,1,0.99852043,True,1.3267573e-10,0.99852043,0.0014628047,1.6791128e-05
1,2,0.5064681,False,1.41022e-05,0.15888594,0.5064681,0.33463177
2,2,0.72029805,True,1.0805231e-06,0.015464428,0.72029805,0.2642364
1,2,0.6485872,False,3.7010668e-06,0.09370004,0.6485872,0.257709
2,2,0.8127551,True,1.4001818e-05,0.031592507,0.8127551,0.15563835
1,1,0.9999987,True,3.7410803e-08,0.9999987,3.9480437e-09,1.3160248e-06
3,2,0.584013,False,1.269448e-05,0.023966992,0.584013,0.39200738
3,2,0.5441931,False,2.9321616e-05,0.08078609,0.5441931,0.3749915
3,2,0.62958395,False,3.232287e-06,0.034379125,0.62958395,0.33603373
0,0,1.0,True,1.0,3.05908e-23,1.841261e-30,6.9452713e-22
1,1,1.0,True,7.460448e-14,1.0,2.0523386e-13,1.2620439e-08
0,0,1.0,True,1.0,0.0,0.0,0.0
3,3,0.8832745,True,1.4326706e-06,0.002827349,0.11389676,0.8832745
3,3,0.5533854,True,1.5654314e-05,0.12862742,0.31797156,0.5533854
1,1,0.9828608,True,3.0170924e-07,0.9828608,0.004298463,0.012840516
0,0,1.0,True,1.0,2.26043e-31,7.665579e-36,3.28353e-30
3,2,0.58807147,False,5.4966586e-06,0.02830092,0.58807147,0.3836222
0,0,1.0,True,1.0,7.782965e-22,4.4437033e-25,1.6351916e-23
0,0,1.0,True,1.0,0.0,0.0,0.0
3,2,0.39280203,False,1.7359995e-05,0.26980963,0.39280203,0.33737093
2,2,0.5133183,True,3.3673205e-06,0.033644576,0.5133183,0.45303378
1,3,0.5884245,False,2.27978e-07,0.38297147,0.028603772,0.5884245
1,3,0.5453679,False,1.3712997e-05,0.055401243,0.3992172,0.5453679
3,2,0.54827094,False,3.4795803e-06,0.025630174,0.54827094,0.42609546
0,0,1.0,True,1.0,0.0,0.0,0.0
1,1,0.8240442,True,3.404569e-08,0.8240442,0.0062469305,0.1697088
2,2,0.50467205,True,7.810324e-06,0.06839546,0.50467205,0.42692468
3,3,0.71105814,True,1.9035705e-06,0.043187648,0.24575233,0.71105814
3,3,0.64338607,True,1.1912464e-06,0.0756556,0.28095716,0.64338607
2,2,0.69606864,True,2.8579036e-06,0.01496948,0.69606864,0.2889591
1,3,0.37571013,False,3.880187e-06,0.3606836,0.26360232,0.37571013
1,2,0.60601974,False,2.5756592e-09,0.38652736,0.60601974,0.0074528935
3,3,0.8870979,True,3.255915e-05,0.005719325,0.10715023,0.8870979
0,0,1.0,True,1.0,1.0037939e-10,2.1253051e-12,2.2914235e-09
0,0,1.0,True,1.0,0.0,0.0,0.0
2,3,0.43179417,False,3.2500147e-06,0.13825928,0.42994323,0.43179417
1,1,1.0,True,1.2997999e-16,1.0,7.603533e-17,4.9615945e-10
3,3,0.9560075,True,0.0017679401,0.03631664,0.0059079337,0.9560075
3,3,0.6841697,True,8.4686377e-07,0.003222084,0.31260738,0.6841697
2,3,0.49887246,False,1.1270318e-05,0.0144220665,0.48669422,0.49887246
0,0,1.0,True,1.0,0.0,0.0,0.0
1,1,0.63796204,True,2.0010293e-05,0.63796204,0.047512792,0.31450516
1,1,0.55825835,True,1.4102211e-05,0.55825835,0.1841694,0.25755817
1,2,0.66593987,False,2.3140403e-06,0.1708028,0.66593987,0.16325505
1,2,0.38485432,False,3.232843e-05,0.23647943,0.38485432,0.37863386
1,3,0.49958324,False,4.137606e-06,0.40784636,0.0925663,0.49958324
1,1,0.8885439,True,1.6568747e-07,0.8885439,0.04888653,0.06256936
2,2,0.7259704,True,1.2985307e-05,0.0101302415,0.7259704,0.2638864
0,0,1.0,True,1.0,4.8902873e-20,1.0802963e-24,1.2141766e-13
0,0,1.0,True,1.0,7.44e-43,1.1274707e-36,7.083531e-35
3,3,0.5372684,True,5.418143e-07,0.004058691,0.45867237,0.5372684
0,0,0.9999795,True,0.9999795,9.069443e-11,7.582626e-09,2.0466328e-05
3,3,0.6114361,True,7.2972743e-09,0.00057727273,0.3879866,0.6114361
0,0,1.0,True,1.0,0.0,0.0,0.0
3,2,0.4934944,False,5.1292636e-07,0.06790889,0.4934944,0.43859622
2,2,0.51055753,True,4.470469e-06,0.026013792,0.51055753,0.46342424
3,3,0.5650119,True,8.836594e-06,0.17586854,0.25911066,0.5650119
0,0,1.0,True,1.0,1.1059413e-22,4.5993525e-18,2.013593e-15
0,0,1.0,True,1.0,0.0,0.0,1.3727474e-38
2,2,0.61282015,True,2.8066781e-06,0.107706584,0.61282015,0.27947047
2,2,0.5790114,True,2.1822689e-06,0.01328119,0.5790114,0.40770525
3,3,0.8529799,True,5.396862e-06,0.07528664,0.07172813,0.8529799
3,3,0.53651077,True,6.596303e-06,0.07966131,0.38382134,0.53651077
0,0,1.0,True,1.0,0.0,0.0,0.0
0,0,1.0,True,1.0,0.0,0.0,0.0
3,3,0.5428063,True,1.3415737e-06,0.019622864,0.43756947,0.5428063
1,1,0.9992061,True,6.8517867e-09,0.9992061,9.948373e-06,0.00078385026
1,1,0.98401123,True,1.4783234e-05,0.98401123,0.0050197872,0.010954253
3,2,0.4681335,False,1.9062994e-05,0.15640028,0.4681335,0.37544712
3,3,0.523266,True,8.170617e-06,0.034373023,0.44235286,0.523266
3,2,0.7245276,False,1.2905498e-06,0.013223575,0.7245276,0.26224753
1,1,0.99976534,True,7.998929e-07,0.99976534,7.123177e-08,0.0002338543
1,1,0.89727724,True,6.986515e-07,0.89727724,0.079787865,0.02293417
3,3,0.8972136,True,2.7069183e-05,0.00026917752,0.10249007,0.8972136
1,1,0.99681085,True,2.1495113e-07,0.99681085,0.0018444131,0.0013445772
3,3,0.7936092,True,1.0117936e-05,0.029360952,0.17701972,0.7936092
1,2,0.3815666,False,1.3316807e-05,0.30189916,0.3815666,0.31652087
0,0,1.0,True,1.0,0.0,0.0,0.0
2,2,0.6338821,True,3.0504607e-06,0.03552255,0.6338821,0.3305923
0,0,1.0,True,1.0,0.0,0.0,0.0
2,2,0.57535964,True,1.2240465e-05,0.042926263,0.57535964,0.38170183
3,3,0.6753531,True,3.985181e-06,0.025186956,0.299456,0.6753531
2,2,0.6003795,True,5.138465e-06,0.029728204,0.6003795,0.36988714
3,3,0.8100407,True,2.0043783e-06,0.020508224,0.16944905,0.8100407
3,3,0.8791194,True,0.0008828092,0.08459106,0.035406716,0.8791194
2,2,0.9979074,True,1.519608e-08,0.000139006,0.9979074,0.001953569
2,2,0.6111416,True,4.5671336e-06,0.05150304,0.6111416,0.3373508
3,3,0.52109796,True,3.0417033e-05,0.4301277,0.04874385,0.52109796
1,3,0.6163929,False,2.6762642e-05,0.28162867,0.10195159,0.6163929
0,0,1.0,True,1.0,0.0,0.0,0.0
1,1,0.987748,True,8.121706e-09,0.987748,0.0032652775,0.008986645
0,0,1.0,True,1.0,0.0,0.0,0.0
0,0,1.0,True,1.0,7.329351e-36,4.069734e-34,2.8985172e-34
2,2,0.5152491,True,3.642993e-06,0.06929572,0.5152491,0.4154516
0,0,1.0,True,1.0,0.0,0.0,0.0
1,3,0.64730567,False,6.2217325e-08,0.29789084,0.054803427,0.64730567
2,2,0.7024835,True,9.698769e-06,0.05500922,0.7024835,0.24249765
1,2,0.58495164,False,9.3532327e-07,0.3216468,0.58495164,0.093400635
0,0,1.0,True,1.0,0.0,0.0,0.0
3,2,0.5043875,False,1.3653396e-05,0.06998072,0.5043875,0.42561817
0,0,1.0,True,1.0,0.0,0.0,0.0
1,2,0.6983191,False,4.276886e-06,0.2001786,0.6983191,0.101498105
1,1,0.88552487,True,7.3244183e-07,0.88552487,0.012111021,0.10236344
1,1,0.7180537,True,3.8680566e-05,0.7180537,0.14430656,0.13760105
0,0,1.0,True,1.0,0.0,0.0,0.0
3,2,0.5688739,False,3.2344512e-06,0.027593877,0.5688739,0.403529
3,3,0.43407032,True,5.3185504e-06,0.23397553,0.33194885,0.43407032
2,2,0.75942063,True,1.0428085e-05,0.04549229,0.75942063,0.1950767
0,0,1.0,True,1.0,0.0,0.0,2.832e-42
1,1,0.79060316,True,6.9781286e-06,0.79060316,0.10088576,0.1085041
2,2,0.4757312,True,1.7052922e-06,0.21529253,0.4757312,0.3089746
1,1,0.96447897,True,3.5807116e-05,0.96447897,0.007655267,0.027829865
1,1,0.94558585,True,5.046438e-07,0.94558585,0.014321702,0.040091906
1,1,0.97237307,True,8.6742675e-09,0.97237307,0.007285148,0.020341706
3,2,0.50887376,False,1.1570297e-07,0.013704249,0.50887376,0.4774219
2,2,0.5324281,True,1.6560112e-05,0.09064593,0.5324281,0.3769095
2,2,0.6230756,True,2.9945895e-06,0.04301141,0.6230756,0.33390996
2,2,0.5932426,True,2.7116572e-05,0.034183994,0.5932426,0.37254634
2,2,0.70444673,True,5.6356537e-05,0.0844874,0.70444673,0.21100947
2,2,0.78218704,True,4.009763e-06,0.011634713,0.78218704,0.20617427
3,2,0.56636363,False,5.245577e-06,0.101084635,0.56636363,0.3325464
2,2,0.87195635,True,2.16495e-06,0.012812418,0.87195635,0.11522909
0,0,1.0,True,1.0,1.5828e-41,0.0,3.7433754e-31
2,2,0.59525985,True,4.19149e-06,0.020534461,0.59525985,0.3842015
0,0,1.0,True,1.0,0.0,0.0,0.0
3,3,0.63023776,True,1.1749012e-05,0.18909179,0.18065864,0.63023776
3,1,0.5125595,False,3.910427e-06,0.5125595,0.059093013,0.42834362
2,2,0.9978847,True,4.3216413e-09,0.0011990854,0.9978847,0.0009161843
1,3,0.61992854,False,3.7017195e-05,0.30711657,0.072917886,0.61992854
3,2,0.7205652,False,1.088422e-05,0.036383193,0.7205652,0.2430407
0,0,1.0,True,1.0,0.0,0.0,0.0
1,3,0.46514794,False,2.7511398e-06,0.46088883,0.07396051,0.46514794
1,1,0.93916386,True,2.988189e-05,0.93916386,0.023136565,0.037669685
1,1,0.6618718,True,0.00015535745,0.6618718,0.021542573,0.3164303
2,2,0.6086901,True,1.0795556e-05,0.07712929,0.6086901,0.31416982
3,2,0.53823024,False,8.18141e-06,0.05101392,0.53823024,0.41074756
2,2,0.62511754,True,1.7035208e-06,0.015101224,0.62511754,0.3597795
2,3,0.44029003,False,1.0068951e-06,0.12737542,0.43233362,0.44029003
1,2,0.7645046,False,6.3478427e-07,0.17045829,0.7645046,0.06503645
3,3,0.67036045,True,3.351006e-06,0.0052814917,0.3243547,0.67036045
2,2,0.6108569,True,1.738115e-05,0.0895535,0.6108569,0.2995722
1,1,0.8953657,True,2.2290141e-08,0.8953657,0.10177745,0.0028568166
3,2,0.4986304,False,4.862133e-06,0.03861462,0.4986304,0.4627501
2,2,0.61821365,True,5.9181566e-06,0.069094546,0.61821365,0.3126859
2,2,0.58958554,True,3.24543e-06,0.014437395,0.58958554,0.3959738
0,0,1.0,True,1.0,2.989273e-18,5.3999813e-19,1.9630642e-16
3,3,0.65459955,True,8.588331e-07,0.029836467,0.31556317,0.65459955
3,2,0.71136135,False,2.141318e-06,0.012953141,0.71136135,0.27568337
2,2,0.5831748,True,4.230511e-06,0.012444189,0.5831748,0.4043768
0,0,1.0,True,1.0,0.0,0.0,0.0
3,2,0.42758244,False,4.295538e-06,0.1624101,0.42758244,0.4100032
0,0,1.0,True,1.0,0.0,0.0,0.0
2,2,0.99889576,True,1.8072409e-09,3.1858795e-05,0.99889576,0.0010723916
3,3,0.61005443,True,1.9428975e-05,0.035430405,0.3544958,0.61005443
3,3,0.60273266,True,7.1673567e-06,0.03369428,0.36356592,0.60273266
1,2,0.6430541,False,6.560705e-07,0.19198938,0.6430541,0.16495581
2,2,0.6535449,True,1.6828841e-06,0.034427714,0.6535449,0.31202576
1,1,0.88702464,True,9.207034e-06,0.88702464,0.004620094,0.10834611
0,0,1.0,True,1.0,1.741397e-11,1.41467995e-14,3.1741526e-15
3,3,0.6335395,True,2.278748e-05,0.032301724,0.33413598,0.6335395
3,2,0.6913266,False,1.9236671e-08,0.0022513373,0.6913266,0.306422
3,3,0.47569627,True,2.4668193e-06,0.05928445,0.46501678,0.47569627
0,0,1.0,True,1.0,0.0,0.0,0.0
0,0,1.0,True,1.0,0.0,0.0,1.22722e-40
3,2,0.5675455,False,8.407683e-06,0.04903646,0.5675455,0.38340962
0,0,0.9992787,True,0.9992787,0.00040811024,1.4910813e-05,0.00029833033
2,2,0.5384066,True,3.0026724e-06,0.018554712,0.5384066,0.4430356
1,1,0.9720767,True,3.7786045e-08,0.9720767,0.019135986,0.008787242
2,2,0.7462897,True,1.348191e-05,0.06645159,0.7462897,0.18724522
1,1,0.98634803,True,9.107484e-09,0.98634803,0.0003560987,0.013295757
0,0,1.0,True,1.0,0.0,0.0,0.0
2,2,0.38308758,True,4.062347e-06,0.25057358,0.38308758,0.36633483
0,0,1.0,True,1.0,1.18279135e-30,1.5218546e-37,3.2978294e-29
1,1,1.0,True,1.2181246e-13,1.0,6.8028245e-14,8.516013e-12
3,3,0.67590815,True,0.002379866,0.06988386,0.25182807,0.67590815
0,0,1.0,True,1.0,0.0,0.0,0.0
1,1,0.99999857,True,3.0647286e-12,0.99999857,4.07452e-12,1.4801798e-06
3,3,0.5198255,True,1.0099976e-06,0.006971062,0.47320247,0.5198255
0,0,1.0,True,1.0,4.444222e-28,3.1338405e-27,1.3915566e-27
2,3,0.5013274,False,3.5976761e-06,0.03671709,0.46195194,0.5013274
0,0,1.0,True,1.0,0.0,0.0,0.0
2,2,0.72349095,True,4.021261e-05,0.1068844,0.72349095,0.16958441
2,3,0.49881822,False,7.453169e-06,0.04897155,0.45220274,0.49881822
0,0,1.0,True,1.0,8e-45,0.0,5.9e-44
1,1,0.6071395,True,6.087396e-05,0.6071395,0.33244416,0.060355403
3,1,0.51123,False,7.4805475e-06,0.51123,0.04824235,0.44052017
3,2,0.7025968,False,6.8841773e-06,0.046882372,0.7025968,0.250514
0,0,1.0,True,1.0,0.0,0.0,0.0
1,2,0.6696499,False,6.880022e-06,0.016070284,0.6696499,0.31427297
0,0,1.0,True,1.0,0.0,0.0,5.93e-43
1,1,0.5281926,True,9.437477e-06,0.5281926,0.023505228,0.44829282
0,0,1.0,True,1.0,0.0,0.0,1e-45
1,1,0.99805593,True,5.795649e-09,0.99805593,0.0002916976,0.0016523872
2,2,0.5519325,True,7.206902e-07,0.007467589,0.5519325,0.4405991
0,0,1.0,True,1.0,0.0,0.0,0.0
2,2,0.9765693,True,1.567994e-08,0.00024812028,0.9765693,0.023182629
0,0,1.0,True,1.0,0.0,0.0,0.0
1,3,0.4373653,False,5.673781e-06,0.3627807,0.1998483,0.4373653
1,1,0.6320343,True,9.575216e-06,0.6320343,0.2816716,0.08628461
0,0,1.0,True,1.0,0.0,0.0,0.0
3,2,0.5919824,False,5.49965e-06,0.049391452,0.5919824,0.35862052
1,2,0.5678975,False,6.288774e-05,0.17597903,0.5678975,0.25606057
3,3,0.7321856,True,3.726403e-06,0.098324254,0.16948643,0.7321856
3,3,0.64111197,True,1.4039963e-05,0.0645546,0.29431936,0.64111197
0,0,1.0,True,1.0,0.0,0.0,0.0
2,2,0.58393955,True,2.9675346e-06,0.030668408,0.58393955,0.3853891
2,2,0.72084355,True,8.7928953e-07,0.06355015,0.72084355,0.21560544
1,2,0.80559266,False,6.747646e-06,0.018680178,0.80559266,0.17572048
0,0,1.0,True,1.0,0.0,0.0,0.0
0,0,1.0,True,1.0,1.0704835e-17,3.6716313e-23,4.33957e-19
3,3,0.6218448,True,3.3530766e-06,0.021203702,0.3569482,0.6218448
1,1,0.60185605,True,0.00011676388,0.60185605,0.1877633,0.21026392
3,2,0.5735018,False,1.0117474e-05,0.037882987,0.5735018,0.38860512
1,3,0.47824955,False,1.3102205e-06,0.21541682,0.3063323,0.47824955
3,3,0.6722341,True,1.3060118e-05,0.104430154,0.22332266,0.6722341
2,2,0.48823097,True,1.837223e-06,0.050604712,0.48823097,0.46116242
1,1,0.8231684,True,1.4017301e-06,0.8231684,0.11864957,0.058180586
1,1,0.95376563,True,2.1782037e-06,0.95376563,0.005303703,0.040928494
2,3,0.5464031,False,5.8554474e-06,0.044462897,0.40912816,0.5464031
3,2,0.41844097,False,2.633888e-06,0.21617839,0.41844097,0.365378
0,0,1.0,True,1.0,0.0,0.0,0.0
2,2,0.6834293,True,1.8582688e-06,0.03651361,0.6834293,0.2800552
2,2,0.7246125,True,1.5353728e-06,0.014913826,0.7246125,0.26047218
2,2,0.5363701,True,7.006771e-06,0.11139597,0.5363701,0.35222685
0,0,1.0,True,1.0,2.4951773e-23,4.5485285e-17,1.3920796e-12
2,2,0.7159147,True,1.2134886e-06,0.0387923,0.7159147,0.24529177
0,0,1.0,True,1.0,0.0,0.0,0.0
1,1,0.9162025,True,8.083132e-08,0.9162025,0.0044141226,0.079383284
2,2,0.63883775,True,2.252224e-06,0.053244524,0.63883775,0.30791545
2,2,0.6711907,True,1.5460382e-05,0.07786083,0.6711907,0.25093302
2,2,0.6341494,True,3.0775366e-06,0.024102058,0.6341494,0.34174547
2,2,0.7401475,True,3.013887e-06,0.050962027,0.7401475,0.20888747
0,0,1.0,True,1.0,4.986e-42,1.59091e-40,2.9055012e-35
0,0,1.0,True,1.0,1.7433655e-21,1.5938665e-24,2.6835332e-20
3,3,0.61658734,True,2.3760258e-06,0.1871305,0.19627984,0.61658734
1,1,0.8113379,True,1.6128959e-10,0.8113379,0.18824518,0.00041697407
2,2,0.53692037,True,6.3142914e-05,0.09103218,0.53692037,0.37198427
1,3,0.47830442,False,2.5718222e-05,0.22959377,0.29207605,0.47830442
1,3,0.38441193,False,2.4423802e-05,0.26813957,0.34742406,0.38441193
2,2,0.56902367,True,2.486557e-06,0.018317508,0.56902367,0.4126564
2,2,0.99981743,True,1.1996084e-09,0.00010453084,0.99981743,7.8048666e-05
2,2,0.53669864,True,8.776366e-06,0.033107482,0.53669864,0.43018517
0,0,1.0,True,1.0,0.0,0.0,0.0
0,0,1.0,True,1.0,0.0,0.0,0.0
2,2,0.57892257,True,1.713225e-05,0.052024186,0.57892257,0.36903617
1,1,0.7562349,True,1.6092348e-06,0.7562349,0.12530734,0.118456244
2,2,0.52177596,True,4.2494767e-06,0.01744965,0.52177596,0.4607701
2,2,0.61342275,True,9.087799e-06,0.07252277,0.61342275,0.3140454
1,1,0.50489414,True,1.8813545e-05,0.50489414,0.16009964,0.3349874
3,2,0.49475992,False,2.6303787e-06,0.042070735,0.49475992,0.46316668
2,2,0.58856106,True,4.490242e-06,0.11060159,0.58856106,0.30083284
1,1,0.9939136,True,7.633975e-07,0.9939136,0.0010106572,0.0050749783
3,2,0.4559955,False,5.045766e-06,0.1095471,0.4559955,0.43445238
2,2,0.6466869,True,9.166775e-06,0.045784287,0.6466869,0.30751964
3,2,0.69115007,False,1.8690562e-06,0.02953464,0.69115007,0.2793134
3,3,0.9221556,True,2.8742636e-06,0.0057357904,0.07210567,0.9221556
3,2,0.6876918,False,1.4320763e-07,0.0071005896,0.6876918,0.30520737
1,1,0.3931285,True,3.935441e-05,0.3931285,0.32353556,0.28329653
2,2,0.54979324,True,4.0609457e-06,0.015501471,0.54979324,0.43470123
3,3,0.99992144,True,4.8495545e-09,1.117088e-07,7.84111e-05,0.99992144
1,1,0.7297253,True,0.00019842798,0.7297253,0.15251595,0.11756036
1,3,0.43890202,False,8.817965e-05,0.20866846,0.35234132,0.43890202
3,3,0.7302614,True,2.234333e-06,0.02813942,0.24159697,0.7302614
3,3,0.7463903,True,3.3145923e-05,0.21575624,0.037820313,0.7463903
3,3,0.5000993,True,3.1203842e-06,0.0074996366,0.49239787,0.5000993
2,2,0.5727932,True,3.7616617e-06,0.038564872,0.5727932,0.38863817
1,1,0.99999046,True,1.520896e-12,0.99999046,2.7077405e-08,9.588401e-06
0,0,1.0,True,1.0,0.0,0.0,0.0
0,0,1.0,True,1.0,6.58948e-39,3.905814e-35,4.336602e-29
2,2,0.6257817,True,3.9672104e-06,0.07728047,0.6257817,0.29693377
1,1,0.71438366,True,2.204138e-06,0.71438366,0.044638716,0.24097541
3,2,0.74088585,False,7.858245e-06,0.12312908,0.74088585,0.13597725
2,2,0.65404,True,8.114573e-06,0.032137603,0.65404,0.31381434
2,2,0.78609335,True,1.5226683e-06,0.014814283,0.78609335,0.19909084
1,1,0.88752043,True,3.0630488e-07,0.88752043,0.09630296,0.016176324
3,3,0.49399477,True,1.3291528e-05,0.078807935,0.42718408,0.49399477
0,0,1.0,True,1.0,0.0,0.0,0.0
2,3,0.5859369,False,2.8745028e-05,0.046690878,0.36734352,0.5859369
0,0,1.0,True,1.0,9.902572e-35,1e-45,9.029621e-33
3,3,0.5879251,True,4.8134293e-06,0.02676743,0.38530272,0.5879251
1,1,1.0,True,8.175001e-17,1.0,2.0834615e-17,1.8391283e-10
2,2,0.9988895,True,1.5161273e-08,0.00097253994,0.9988895,0.0001379288
3,3,0.594271,True,0.00061646657,0.020438073,0.3846745,0.594271
0,0,1.0,True,1.0,0.0,0.0,0.0
0,0,1.0,True,1.0,1.0334453e-37,1.4268558e-36,8.3756e-33
1,1,0.9996495,True,1.9386146e-09,0.9996495,1.622609e-05,0.00033428657
2,2,0.55262256,True,2.8350166e-06,0.027336027,0.55262256,0.42003855
1,3,0.8390786,False,1.4473943e-07,0.15560952,0.0053116856,0.8390786
0,0,1.0,True,1.0,0.0,0.0,0.0
3,2,0.70270365,False,4.0438275e-07,0.010904736,0.70270365,0.28639114
2,2,0.74124134,True,3.8794174e-06,0.07848365,0.74124134,0.18027115
2,2,0.50212157,True,1.8207318e-06,0.13918787,0.50212157,0.3586888
3,3,0.51515883,True,2.7496612e-06,0.04604909,0.4387894,0.51515883
3,2,0.672061,False,5.707018e-06,0.036192402,0.672061,0.29174086
1,1,0.96769494,True,8.060205e-08,0.96769494,8.4763764e-05,0.032220248
0,0,1.0,True,1.0,6.4340947e-21,2.48715e-21,2.7725986e-26
1,1,0.61035115,True,3.3874794e-06,0.61035115,0.045237567,0.34440798
0,0,1.0,True,1.0,0.0,0.0,4.96e-43
2,2,0.6231172,True,1.174354e-05,0.056411173,0.6231172,0.3204599
0,0,1.0,True,1.0,0.0,0.0,0.0
2,2,0.5330272,True,1.16181745e-05,0.031001575,0.5330272,0.4359597
3,2,0.63417625,False,1.2234957e-06,0.041265275,0.63417625,0.32455733
1,2,0.82571673,False,1.0952025e-06,0.0634643,0.82571673,0.110817924
0,0,1.0,True,1.0,0.0,0.0,0.0
1,1,0.5498064,True,9.202879e-07,0.5498064,0.09258658,0.35760605
3,2,0.6930384,False,1.74248e-05,0.17471436,0.6930384,0.13222985
2,2,0.99946064,True,7.988068e-09,0.0003608759,0.99946064,0.00017845488
2,3,0.54776937,False,1.5254869e-06,0.0039885817,0.44824052,0.54776937
3,3,0.5030542,True,2.3921564e-06,0.01338073,0.4835627,0.5030542
3,3,0.6377151,True,3.2473488e-06,0.24561793,0.11666372,0.6377151
0,0,1.0,True,1.0,0.0,0.0,0.0
1,3,0.42181024,False,6.603956e-06,0.291805,0.28637812,0.42181024
3,3,0.96626884,True,2.402042e-07,0.0003998867,0.033330996,0.96626884
2,2,0.6696627,True,4.924805e-06,0.047315434,0.6696627,0.2830169
1,1,0.55964875,True,3.0595173e-05,0.55964875,0.16358265,0.27673793
3,3,0.6153318,True,2.9344637e-06,0.17613773,0.20852758,0.6153318
0,0,1.0,True,1.0,0.0,0.0,0.0
1,2,0.58763564,False,4.960339e-06,0.31907174,0.58763564,0.09328761
1,1,0.69770604,True,8.16849e-07,0.69770604,0.14229314,0.15999997
3,1,0.6038016,False,3.809834e-06,0.6038016,0.07821068,0.31798393
3,3,0.9525219,True,5.8062407e-05,0.0038308713,0.043589227,0.9525219
2,2,0.67996895,True,3.9648144e-06,0.09121864,0.67996895,0.22880848
1,1,0.61322427,True,7.035794e-07,0.61322427,0.33659342,0.0501816
3,2,0.5178435,False,5.170773e-06,0.1014772,0.5178435,0.38067418
2,2,0.5915954,True,3.4635323e-06,0.04192374,0.5915954,0.3664774
3,3,0.4207535,True,3.053182e-06,0.27973375,0.29950967,0.4207535
0,0,1.0,True,1.0,0.0,0.0,0.0
1,1,0.9834621,True,2.7450167e-06,0.9834621,0.011512594,0.005022534
0,0,1.0,True,1.0,0.0,0.0,0.0
1,1,0.9987888,True,7.803274e-08,0.9987888,0.00013700342,0.0010742466
2,2,0.71314394,True,3.19333e-07,0.010819874,0.71314394,0.27603588
3,3,0.8265539,True,5.9505595e-07,0.17095907,0.002486408,0.8265539
2,2,0.55857694,True,6.205752e-06,0.044391055,0.55857694,0.3970258
1,1,0.4234474,True,5.9466387e-05,0.4234474,0.33578736,0.24070579
0,0,1.0,True,1.0,0.0,0.0,0.0
1,1,0.998762,True,4.472169e-09,0.998762,0.0003240108,0.0009140727
2,2,0.6858858,True,5.3648278e-06,0.031850144,0.6858858,0.28225872
2,2,0.5828193,True,3.3969793e-06,0.101940334,0.5828193,0.315237
3,3,0.9970612,True,0.00021079378,0.0010879042,0.0016400901,0.9970612
1,3,0.5654955,False,3.4162981e-06,0.24748611,0.187015,0.5654955
3,3,0.45615894,True,2.371419e-05,0.13366881,0.41014856,0.45615894
1,1,0.9710576,True,4.1033874e-09,0.9710576,0.02823607,0.0007063825
2,2,0.5262121,True,2.208751e-05,0.09111699,0.5262121,0.38264886
0,0,0.6871205,True,0.6871205,0.00035578207,0.15034352,0.16218029
2,2,0.79122716,True,3.6507788e-06,0.0136397015,0.79122716,0.19512945
1,3,0.4281355,False,5.214718e-06,0.21753766,0.35432163,0.4281355
3,3,0.60619956,True,1.9908965e-07,0.021208068,0.37259215,0.60619956
0,0,1.0,True,1.0,0.0,0.0,0.0
2,2,0.521011,True,6.7865685e-06,0.064143926,0.521011,0.41483828
3,3,0.49289837,True,6.3821403e-06,0.03829847,0.46879676,0.49289837
1,1,0.96152747,True,8.452246e-07,0.96152747,0.00024028799,0.038231328
1,3,0.57824606,False,1.1448222e-06,0.31227311,0.109479696,0.57824606
3,2,0.43412295,False,2.1653216e-06,0.30696595,0.43412295,0.258909
2,2,0.63069177,True,2.3847133e-06,0.04908516,0.63069177,0.32022068
2,3,0.55986357,False,1.127242e-05,0.05254964,0.38757554,0.55986357
3,2,0.48873645,False,1.8339782e-05,0.105482936,0.48873645,0.4057622
1,1,0.9773342,True,8.474499e-08,0.9773342,0.01686502,0.0058006663
2,2,0.8995884,True,2.2119307e-06,0.018097097,0.8995884,0.082312256
2,2,0.99964225,True,1.742867e-11,8.113124e-07,0.99964225,0.00035691078
2,2,0.7454683,True,3.973903e-06,0.018138597,0.7454683,0.23638913
2,2,0.73296225,True,5.864964e-06,0.032850433,0.73296225,0.23418142
3,2,0.6588928,False,1.2384448e-06,0.02308066,0.6588928,0.31802535
0,0,1.0,True,1.0,0.0,0.0,0.0
2,2,0.806346,True,1.6667913e-06,0.009936535,0.806346,0.18371576
0,0,1.0,True,1.0,0.0,0.0,0.0
0,0,1.0,True,1.0,0.0,0.0,0.0
0,0,1.0,True,1.0,0.0,0.0,0.0
3,3,0.99916446,True,2.9990183e-08,2.6434764e-06,0.00083293364,0.99916446
3,2,0.507915,False,1.505905e-05,0.0963857,0.507915,0.39568424
2,3,0.6445053,False,3.6111753e-06,0.03609026,0.3194008,0.6445053
3,3,0.4806698,True,7.769736e-06,0.08538371,0.4339387,0.4806698
3,3,0.73242325,True,1.8661868e-06,0.029376749,0.23819825,0.73242325
1,3,0.52272844,False,8.047218e-05,0.057632975,0.4195581,0.52272844
2,3,0.40456298,False,2.8319305e-06,0.3348266,0.26060757,0.40456298
2,2,0.48559055,True,1.7603368e-05,0.055660676,0.48559055,0.45873114
1,1,0.9484643,True,6.89601e-08,0.9484643,9.926292e-05,0.051436286
0,0,1.0,True,1.0,0.0,0.0,0.0
3,3,0.5472716,True,4.4723864e-05,0.14029917,0.3123845,0.5472716
0,0,1.0,True,1.0,0.0,0.0,0.0
3,2,0.5547004,False,1.880486e-08,0.00057769247,0.5547004,0.444722
3,2,0.47874793,False,4.1945757e-05,0.1159778,0.47874793,0.40523228
3,2,0.45546457,False,6.510728e-05,0.15804745,0.45546457,0.3864228
1,1,0.51049453,True,2.9177043e-06,0.51049453,0.11562395,0.3738787
1,3,0.5446205,False,1.6339376e-05,0.12581286,0.3295503,0.5446205
2,2,0.57380503,True,1.3675119e-06,0.0828115,0.57380503,0.3433821
2,2,0.710726,True,3.5378146e-06,0.02354699,0.710726,0.26572344
0,0,1.0,True,1.0,0.0,0.0,0.0
1,2,0.7120445,False,5.109338e-06,0.1514948,0.7120445,0.13645567
1,3,0.5119828,False,2.2381325e-06,0.25529376,0.23272121,0.5119828
0,0,1.0,True,1.0,4.8755894e-13,1.089161e-14,5.207086e-08
3,3,0.5917755,True,5.940238e-06,0.009230082,0.39898854,0.5917755
0,0,1.0,True,1.0,0.0,0.0,0.0
1,1,0.9999975,True,2.6788838e-12,0.9999975,2.2164949e-10,2.5536776e-06
1,2,0.42940074,False,5.245631e-05,0.37136897,0.42940074,0.19917779
2,2,0.998917,True,8.4268486e-09,6.321551e-05,0.998917,0.0010198031
2,2,0.6271972,True,2.2242111e-06,0.0231343,0.6271972,0.3496662
1,1,0.98589396,True,4.833064e-08,0.98589396,0.004285441,0.009820531
2,2,0.6680033,True,1.3618885e-06,0.030016348,0.6680033,0.30197898
3,2,0.5545679,False,4.168328e-06,0.045150492,0.5545679,0.4002775
3,2,0.5412322,False,2.9378081e-05,0.07642593,0.5412322,0.38231254
0,0,1.0,True,1.0,1.324e-42,0.0,0.0
0,0,1.0,True,1.0,0.0,0.0,0.0
0,0,1.0,True,1.0,0.0,0.0,0.0
2,2,0.61836183,True,2.1001253e-05,0.05517947,0.61836183,0.32643768
3,2,0.5730467,False,1.3869064e-05,0.08565151,0.5730467,0.34128794
0,0,1.0,True,1.0,7.433303e-22,1.1443847e-18,3.2654636e-25
1,1,0.9913173,True,1.5830048e-07,0.9913173,0.0017320696,0.006950558
1,1,0.874191,True,1.0436773e-06,0.874191,0.024770314,0.10103772
0,0,1.0,True,1.0,8.9078655e-24,2.4199252e-28,5.319338e-22
1,1,0.99785346,True,2.4321618e-09,0.99785346,0.0002970121,0.0018494739
2,2,0.90863407,True,3.7591948e-05,0.02147528,0.90863407,0.0698531
3,2,0.4657212,False,7.727261e-06,0.13148125,0.4657212,0.40278986
0,0,1.0,True,1.0,0.0,0.0,0.0
3,3,0.7623838,True,0.000107593136,0.04544997,0.19205867,0.7623838
3,2,0.5022091,False,9.6942595e-06,0.021751964,0.5022091,0.47602922
3,3,0.9937884,True,1.9341513e-07,0.002563543,0.0036477777,0.9937884
3,2,0.6613605,False,2.1235628e-06,0.07920336,0.6613605,0.25943398
1,1,0.7712753,True,1.959195e-07,0.7712753,0.07420451,0.15452008
3,3,0.57043904,True,1.6213644e-05,0.16994807,0.25959677,0.57043904
0,0,1.0,True,1.0,1.038583e-37,3.66428e-40,3e-45
1,1,0.9704475,True,5.730315e-07,0.9704475,0.0012077222,0.028344177
1,1,1.0,True,2.994696e-17,1.0,4.8838917e-13,1.8927896e-08
1,3,0.5541539,False,1.2202435e-05,0.32778838,0.11804548,0.5541539
0,0,1.0,True,1.0,4.4585323e-30,1.3865781e-31,1.0003464e-24
3,3,0.5417834,True,1.2090964e-05,0.076950066,0.3812544,0.5417834
0,0,1.0,True,1.0,0.0,0.0,0.0
3,2,0.46928692,False,1.48918125e-05,0.076902375,0.46928692,0.45379585
0,0,1.0,True,1.0,1.07931765e-36,1.416641e-39,3.8284697e-36
2,2,0.9019261,True,4.0229957e-06,0.009627698,0.9019261,0.088442266
3,2,0.78618884,False,6.5607884e-07,0.0054449085,0.78618884,0.20836559
2,2,0.8169518,True,2.5738893e-06,0.0249745,0.8169518,0.15807118
1,1,0.88078976,True,6.0199022e-06,0.88078976,0.036120556,0.08308365
0,0,1.0,True,1.0,3.207932e-15,2.4723997e-23,5.6624576e-19
1,1,0.9300879,True,1.02792e-06,0.9300879,0.00053192355,0.06937916
0,0,1.0,True,1.0,0.0,0.0,0.0
0,0,1.0,True,1.0,0.0,0.0,0.0
3,3,0.5777662,True,1.4674392e-06,0.014791422,0.40744096,0.5777662
2,2,0.5924852,True,3.4829689e-06,0.036838736,0.5924852,0.37067264
3,3,0.8743566,True,4.598266e-06,0.0037432106,0.12189566,0.8743566
1,1,0.72250247,True,1.4340973e-05,0.72250247,0.10580642,0.17167674
1,3,0.5314246,False,1.194156e-05,0.2004908,0.26807263,0.5314246
2,2,0.9949698,True,2.2657802e-07,0.00054830796,0.9949698,0.004481646
3,1,0.6508104,False,5.8291184e-06,0.6508104,0.19103615,0.15814753
3,3,0.7632107,True,0.00012281789,0.047191,0.18947543,0.7632107
1,1,0.56724155,True,5.407099e-07,0.56724155,0.22401679,0.20874108
3,3,0.72664964,True,1.9476456e-06,0.23264265,0.040705685,0.72664964
0,0,1.0,True,1.0,0.0,0.0,0.0
1,1,0.6181804,True,3.6984816e-06,0.6181804,0.17141443,0.21040142
0,0,1.0,True,1.0,1.2361806e-34,1.4621277e-33,8.58452e-28
1,1,0.64400333,True,6.7528013e-06,0.64400333,0.087255925,0.26873398
1,3,0.83002937,False,0.00014693543,0.11543264,0.05439109,0.83002937
2,2,0.6122719,True,4.329181e-06,0.017479751,0.6122719,0.37024406
1,1,0.80507547,True,2.7137032e-06,0.80507547,0.0028484263,0.19207333
2,3,0.5130959,False,1.9909046e-06,0.114561334,0.3723407,0.5130959
3,1,0.98231965,False,1.7797994e-08,0.98231965,0.01706004,0.00062028284
0,0,1.0,True,1.0,0.0,0.0,0.0
3,3,0.499032,True,6.3968895e-05,0.08136254,0.41954154,0.499032
3,2,0.40331832,False,1.1937151e-05,0.22317313,0.40331832,0.37349665
0,0,1.0,True,1.0,0.0,0.0,0.0
3,2,0.62689745,False,1.668699e-05,0.039594658,0.62689745,0.3334912
1,1,0.9974234,True,3.690809e-08,0.9974234,0.001107178,0.0014694383
1,1,0.9999794,True,1.6055073e-09,0.9999794,1.7949991e-05,2.6356622e-06
2,2,0.82564145,True,7.6564606e-07,0.0046651433,0.82564145,0.16969262
3,2,0.581691,False,1.3126891e-05,0.09789146,0.581691,0.32040435
0,0,1.0,True,1.0,8.428184e-28,2.9221169e-36,2.5012778e-37
1,1,0.9830405,True,6.568077e-08,0.9830405,0.00040328357,0.01655615
3,3,0.45769897,True,2.0339341e-05,0.17548351,0.3667971,0.45769897
3,2,0.53743166,False,5.467799e-06,0.04847456,0.53743166,0.41408837
1,1,0.9995573,True,1.1170641e-08,0.9995573,0.00012350443,0.0003191246
1,1,0.54564685,True,1.8082748e-07,0.54564685,0.047057394,0.40729558
1,1,0.8199196,True,4.961055e-07,0.8199196,0.13978282,0.04029707
2,2,0.9462496,True,6.932221e-06,0.005581307,0.9462496,0.04816222
1,3,0.6629769,False,1.809018e-06,0.3102632,0.026758028,0.6629769
2,2,0.5292253,True,8.345059e-06,0.024921695,0.5292253,0.4458447
1,1,1.0,True,6.6582384e-15,1.0,2.8137952e-08,2.344372e-09
2,3,0.58775353,False,2.1309065e-06,0.0016584919,0.41058585,0.58775353
3,2,0.53674847,False,1.4478426e-05,0.01951611,0.53674847,0.44372088
1,1,0.97265434,True,3.2801681e-09,0.97265434,0.0006196982,0.026725888
3,3,0.9605508,True,3.5355155e-05,0.0012972426,0.038116675,0.9605508
0,0,1.0,True,1.0,8.0137023e-32,7.800286e-39,7.433669e-30
0,0,0.99840975,True,0.99840975,0.000385062,0.0010779868,0.00012717716
1,1,0.619685,True,3.2454586e-06,0.619685,0.33572483,0.044586893
1,1,0.7640871,True,5.5488588e-08,0.7640871,0.1690966,0.06681627
3,3,0.5256658,True,2.634324e-06,0.104012676,0.37031886,0.5256658
0,0,0.99999416,True,0.99999416,7.114975e-08,9.02117e-10,5.7244356e-06
0,0,1.0,True,1.0,0.0,1.1e-44,5.847129e-27
3,2,0.6296893,False,5.832919e-06,0.08050232,0.6296893,0.28980252
1,1,0.5096656,True,8.784057e-06,0.5096656,0.021370042,0.4689556
3,3,0.46461236,True,2.2821643e-05,0.15458721,0.3807776,0.46461236
2,3,0.543377,False,8.90376e-06,0.11396922,0.3426449,0.543377
3,3,0.9869064,True,4.4510358e-08,0.00889435,0.0041991263,0.9869064
0,0,1.0,True,1.0,2.262055e-28,2.2256942e-28,1.04391216e-32
2,2,0.4470024,True,4.8817772e-05,0.1639198,0.4470024,0.38902894
3,2,0.49500874,False,2.913292e-06,0.140624,0.49500874,0.36436448
1,1,0.9711845,True,8.299492e-08,0.9711845,0.025451256,0.0033641427
1,1,0.710422,True,1.2897269e-08,0.710422,0.0058818897,0.28369614
3,2,0.6165656,False,4.8387283e-06,0.026061362,0.6165656,0.35736817
1,1,0.5012945,True,0.00014020268,0.5012945,0.31443873,0.18412663
3,3,0.8329102,True,1.4798896e-05,0.061650787,0.105424345,0.8329102
1,1,0.9757928,True,2.8330387e-06,0.9757928,0.0005423881,0.023661934
3,3,0.77224374,True,2.4999513e-06,0.07432717,0.15342657,0.77224374
1,1,0.9066428,True,6.171484e-07,0.9066428,0.007812176,0.08554449
0,0,1.0,True,1.0,9.3273e-41,6.830954e-35,7.7662913e-31
3,3,0.9625446,True,1.5295369e-07,0.0070933728,0.030361872,0.9625446
3,3,0.9226458,True,9.315792e-05,0.007955918,0.06930514,0.9226458
3,3,0.80211717,True,3.783291e-06,0.018073563,0.17980541,0.80211717
0,0,1.0,True,1.0,0.0,0.0,0.0
2,2,0.76123095,True,1.48956715e-05,0.022775257,0.76123095,0.215979
2,2,0.5358067,True,3.3456377e-06,0.035835404,0.5358067,0.4283546
3,3,0.65177256,True,1.1168881e-05,0.114436895,0.23377936,0.65177256
2,2,0.7196682,True,1.6664386e-06,0.12122127,0.7196682,0.15910888
0,0,1.0,True,1.0,2.226423e-22,4.9559998e-27,4.0580018e-25
3,3,0.5383009,True,2.539239e-05,0.059522737,0.4021511,0.5383009
3,3,0.54028714,True,2.4389494e-06,0.0164007,0.4433097,0.54028714
0,0,1.0,True,1.0,7.515649e-29,9.169347e-30,1.7122159e-30
2,2,0.57407236,True,1.5058899e-06,0.010748347,0.57407236,0.41517782
3,3,0.5536989,True,2.333884e-06,0.0063664406,0.43993238,0.5536989
1,1,0.9977956,True,6.4483605e-09,0.9977956,2.7228918e-06,0.0022016643
0,0,1.0,True,1.0,0.0,0.0,0.0
2,2,0.694973,True,1.978026e-05,0.07601383,0.694973,0.22899343
2,2,0.44331646,True,2.0486224e-05,0.16433129,0.44331646,0.39233172
1,2,0.57498664,False,6.2261824e-07,0.35079348,0.57498664,0.07421925
3,2,0.5693766,False,2.8152963e-06,0.01635196,0.5693766,0.4142686
3,3,0.7585977,True,1.3567844e-05,0.09022587,0.15116292,0.7585977
3,2,0.6463409,False,6.4945834e-06,0.046240505,0.6463409,0.30741212
3,3,0.9931681,True,7.518364e-08,0.004413457,0.0024183232,0.9931681
1,3,0.5839923,False,3.6572405e-06,0.13005675,0.28594726,0.5839923
1,2,0.6385363,False,1.0216891e-05,0.14350319,0.6385363,0.21795036
2,2,0.61590767,True,6.562592e-06,0.0278858,0.61590767,0.35620004
1,1,0.99999917,True,1.1181243e-13,0.99999917,2.2705279e-11,8.173695e-07
1,2,0.41103816,False,6.3940433e-06,0.17825349,0.41103816,0.41070196
0,0,1.0,True,1.0,0.0,0.0,0.0
0,0,1.0,True,1.0,0.0,0.0,0.0
0,0,1.0,True,1.0,0.0,0.0,0.0
1,1,0.8633257,True,8.763909e-05,0.8633257,0.0013571259,0.13522948
3,3,0.63494986,True,1.2449646e-05,0.012582055,0.35245568,0.63494986
0,0,1.0,True,1.0,1.77427e-40,8e-45,6.897e-42
0,0,1.0,True,1.0,0.0,0.0,0.0
3,3,0.6114171,True,4.1812305e-06,0.042821143,0.3457575,0.6114171
2,2,0.9985802,True,6.0394014e-09,8.1864586e-05,0.9985802,0.0013378775
2,2,0.6758653,True,1.4692218e-05,0.14580393,0.6758653,0.17831612
3,2,0.63102114,False,6.1205697e-07,0.05418192,0.63102114,0.3147963
0,0,1.0,True,1.0,0.0,0.0,0.0
0,0,1.0,True,1.0,0.0,0.0,0.0
0,0,1.0,True,1.0,0.0,0.0,0.0
1,1,0.7614016,True,0.00013292355,0.7614016,0.1461352,0.092330314
3,3,0.55743027,True,9.617739e-06,0.056084495,0.38647562,0.55743027
2,2,0.626803,True,3.9996407e-06,0.018736374,0.626803,0.35445657
0,0,1.0,True,1.0,4e-45,1.8e-44,0.0
1,1,0.47510877,True,3.0633404e-05,0.47510877,0.11966097,0.40519962
1,1,1.0,True,2.3494367e-15,1.0,1.06725575e-14,3.8864234e-10
0,0,1.0,True,1.0,0.0,0.0,2.3137374e-36
1,1,0.740268,True,1.8608759e-09,0.740268,0.24171634,0.018015705
0,0,0.9584467,True,0.9584467,0.03069747,0.00047398856,0.0103819445
2,2,0.7764123,True,2.2648007e-06,0.020390132,0.7764123,0.20319529
2,2,0.58072793,True,2.5974903e-05,0.018962247,0.58072793,0.40028387
3,2,0.56505126,False,8.1570147e-07,0.017673,0.56505126,0.41727492
0,0,1.0,True,1.0,0.0,0.0,0.0
2,2,0.5722205,True,1.0333966e-05,0.0111027295,0.5722205,0.41666645
0,0,1.0,True,1.0,9.423286e-36,1.4567004e-32,3.6306064e-27
3,2,0.60609156,False,7.083951e-06,0.040443793,0.60609156,0.3534576
0,2,0.7390987,False,0.21641053,0.0051299874,0.7390987,0.039360728
3,3,0.56849444,True,3.8100407e-06,0.13109677,0.30040503,0.56849444
3,3,0.5251204,True,2.4981432e-07,0.008177606,0.46670178,0.5251204
1,1,0.99999964,True,7.163954e-12,0.99999964,8.737322e-12,3.668737e-07
3,2,0.59102905,False,1.8967964e-06,0.000678209,0.59102905,0.40829083
0,0,1.0,True,1.0,0.0,0.0,0.0
2,2,0.5657372,True,4.370233e-06,0.03222087,0.5657372,0.40203753
3,3,0.7285207,True,8.403608e-07,0.005011702,0.2664668,0.7285207
0,0,1.0,True,1.0,0.0,0.0,0.0
0,0,1.0,True,1.0,1.6695747e-31,3.772e-42,5.9493815e-37
1,1,0.5866666,True,1.8487059e-05,0.5866666,0.22297187,0.190343
2,2,0.6385343,True,8.678439e-06,0.052366484,0.6385343,0.30909055
3,3,0.71146476,True,9.45417e-06,0.0048507317,0.28367504,0.71146476
1,1,1.0,True,3.6957718e-16,1.0,3.3590987e-17,1.01748417e-13
0,0,1.0,True,1.0,0.0,0.0,0.0
3,2,0.6337046,False,2.6371665e-06,0.054238345,0.6337046,0.31205437
3,3,0.99975485,True,3.4735077e-09,7.6080134e-08,0.00024506342,0.99975485
1,2,0.5277397,False,3.442578e-06,0.29213092,0.5277397,0.1801259
2,2,0.561549,True,7.8818586e-05,0.012421853,0.561549,0.42595038
3,2,0.49723127,False,6.801645e-06,0.07500389,0.49723127,0.42775807
1,1,0.952532,True,8.421772e-06,0.952532,0.03379378,0.013665766
3,3,0.9972537,True,1.2948227e-07,0.00031432946,0.0024318343,0.9972537
1,1,0.63903385,True,7.0748524e-06,0.63903385,0.15381072,0.20714839
2,2,0.46303332,True,4.2942647e-06,0.15070124,0.46303332,0.38626114
1,2,0.497059,False,6.339779e-08,0.4131215,0.497059,0.089819424
3,2,0.681187,False,9.115022e-06,0.022144085,0.681187,0.29665983
0,0,0.9999958,True,0.9999958,2.9966856e-08,3.5878872e-06,6.103932e-07
1,1,0.5057479,True,2.1605692e-05,0.5057479,0.106078126,0.3881524
3,2,0.5531281,False,1.1077854e-06,0.086032346,0.5531281,0.36083844
2,2,0.70654607,True,3.406032e-06,0.05051446,0.70654607,0.24293615
3,2,0.76361,False,4.820588e-06,0.032839138,0.76361,0.20354603
1,1,0.9826512,True,3.0317312e-07,0.9826512,0.00016766322,0.017180867
3,2,0.6144239,False,1.2500873e-05,0.03796145,0.6144239,0.3476022
0,0,1.0,True,1.0,5.4093744e-37,0.0,4.8709565e-37
0,0,0.9999411,True,0.9999411,1.7201709e-11,7.249692e-08,5.871156e-05
